seed,policy,stratum,sessions,users,shortfall,individual_unavoidable,dimension
11,debt_share,new,79,6,0.02710786101535771,0.0012657265207900443,cohort
11,debt_share,regular,343,27,0.03416570568613275,0.0,cohort
11,debt_share,variable,351,27,0.07321131409310025,0.014883382419602364,cohort
11,edf,new,79,6,0.023211531089738866,0.0012657265207900443,cohort
11,edf,regular,343,27,0.018705400983690904,0.0,cohort
11,edf,variable,351,27,0.058555370342324234,0.014883382419602364,cohort
11,equal,new,79,6,0.02357870864637492,0.0012657265207900443,cohort
11,equal,regular,343,27,0.034282573792469906,0.0,cohort
11,equal,variable,351,27,0.08123105857906483,0.014883382419602364,cohort
11,fcfs,new,79,6,0.0461889966531417,0.0012657265207900443,cohort
11,fcfs,regular,343,27,0.028915110062743322,0.0,cohort
11,fcfs,variable,351,27,0.07030579899719831,0.014883382419602364,cohort
11,history,new,79,6,0.014256459725171727,0.0012657265207900443,cohort
11,history,regular,343,27,0.01046080188512896,0.0,cohort
11,history,variable,351,27,0.05761629022098425,0.014883382419602364,cohort
11,laxity,new,79,6,0.024588347303825267,0.0012657265207900443,cohort
11,laxity,regular,343,27,0.005571990810568985,0.0,cohort
11,laxity,variable,351,27,0.0804501247883249,0.014883382419602364,cohort
11,maxmin,new,79,6,0.067743510834158,0.0012657265207900443,cohort
11,maxmin,regular,343,27,0.04250025954794548,0.0,cohort
11,maxmin,variable,351,27,0.10436519071104447,0.014883382419602364,cohort
11,pf_mpc,new,79,6,0.01398671460813206,0.0012657265207900443,cohort
11,pf_mpc,regular,343,27,0.007877333592032914,0.0,cohort
11,pf_mpc,variable,351,27,0.0625000775800342,0.014883382419602364,cohort
11,point,new,79,6,0.15927297142739033,0.0012657265207900443,cohort
11,point,regular,343,27,0.10684498674924182,0.0,cohort
11,point,variable,351,27,0.19719513612390982,0.014883382419602364,cohort
11,point_history,new,79,6,0.1455537097123491,0.0012657265207900443,cohort
11,point_history,regular,343,27,0.10931028317526646,0.0,cohort
11,point_history,variable,351,27,0.1973024337951579,0.014883382419602364,cohort
11,stochastic,new,79,6,0.014101827136217819,0.0012657265207900443,cohort
11,stochastic,regular,343,27,0.00837711587213179,0.0,cohort
11,stochastic,variable,351,27,0.06308368268840701,0.014883382419602364,cohort
22,debt_share,new,71,6,0.05810777362227003,0.0037831327652341927,cohort
22,debt_share,regular,323,27,0.03953848375985261,0.0,cohort
22,debt_share,variable,354,27,0.0765862255370379,0.011877368167001214,cohort
22,edf,new,71,6,0.048350354280687395,0.0037831327652341927,cohort
22,edf,regular,323,27,0.012043605702703438,0.0,cohort
22,edf,variable,354,27,0.10533845322188953,0.011877368167001214,cohort
22,equal,new,71,6,0.056669134717312365,0.0037831327652341927,cohort
22,equal,regular,323,27,0.04246403970129005,0.0,cohort
22,equal,variable,354,27,0.08022891741063749,0.011877368167001214,cohort
22,fcfs,new,71,6,0.08587983786805219,0.0037831327652341927,cohort
22,fcfs,regular,323,27,0.041199690790913346,0.0,cohort
22,fcfs,variable,354,27,0.078678294426979,0.011877368167001214,cohort
22,history,new,71,6,0.04004521601278933,0.0037831327652341927,cohort
22,history,regular,323,27,0.006288281548680131,0.0,cohort
22,history,variable,354,27,0.09925630604550181,0.011877368167001214,cohort
22,laxity,new,71,6,0.05984584934505811,0.0037831327652341927,cohort
22,laxity,regular,323,27,0.007899288626292515,0.0,cohort
22,laxity,variable,354,27,0.11682403265541111,0.011877368167001214,cohort
22,maxmin,new,71,6,0.10405770266905716,0.0037831327652341927,cohort
22,maxmin,regular,323,27,0.06776480131521428,0.0,cohort
22,maxmin,variable,354,27,0.09969701328321898,0.011877368167001214,cohort
22,pf_mpc,new,71,6,0.03681905744111984,0.0037831327652341927,cohort
22,pf_mpc,regular,323,27,0.0024458108369289308,0.0,cohort
22,pf_mpc,variable,354,27,0.10876530381850996,0.011877368167001214,cohort
22,point,new,71,6,0.1700008137121927,0.0037831327652341927,cohort
22,point,regular,323,27,0.10674807860778078,0.0,cohort
22,point,variable,354,27,0.22996914882856415,0.011877368167001214,cohort
22,point_history,new,71,6,0.1707007317634025,0.0037831327652341927,cohort
22,point_history,regular,323,27,0.11382110808482859,0.0,cohort
22,point_history,variable,354,27,0.22733876984724838,0.011877368167001214,cohort
22,stochastic,new,71,6,0.03865006568495524,0.0037831327652341927,cohort
22,stochastic,regular,323,27,0.003114411650134233,0.0,cohort
22,stochastic,variable,354,27,0.10792351363102637,0.011877368167001214,cohort
33,debt_share,new,86,6,0.06315480510063415,0.0029058856254587746,cohort
33,debt_share,regular,353,27,0.04887808850764192,0.00016478944424771247,cohort
33,debt_share,variable,331,27,0.08778904858125364,0.013247751791152992,cohort
33,edf,new,86,6,0.09543110856708807,0.0029058856254587746,cohort
33,edf,regular,353,27,0.021784559837303787,0.00016478944424771247,cohort
33,edf,variable,331,27,0.09385745038250691,0.013247751791152992,cohort
33,equal,new,86,6,0.05761195954206056,0.0029058856254587746,cohort
33,equal,regular,353,27,0.0510285598377627,0.00016478944424771247,cohort
33,equal,variable,331,27,0.10574199768669607,0.013247751791152992,cohort
33,fcfs,new,86,6,0.09848580250659361,0.0029058856254587746,cohort
33,fcfs,regular,353,27,0.03695425600368098,0.00016478944424771247,cohort
33,fcfs,variable,331,27,0.10749631420914983,0.013247751791152992,cohort
33,history,new,86,6,0.08889131430525767,0.0029058856254587746,cohort
33,history,regular,353,27,0.011514036864350919,0.00016478944424771247,cohort
33,history,variable,331,27,0.09545449114974124,0.013247751791152992,cohort
33,laxity,new,86,6,0.11551584190432868,0.0029058856254587746,cohort
33,laxity,regular,353,27,0.006580529289810988,0.00016478944424771247,cohort
33,laxity,variable,331,27,0.12649175602406001,0.013247751791152992,cohort
33,maxmin,new,86,6,0.10917771592469205,0.0029058856254587746,cohort
33,maxmin,regular,353,27,0.07122535113905969,0.00016478944424771247,cohort
33,maxmin,variable,331,27,0.1240252846828753,0.013247751791152992,cohort
33,pf_mpc,new,86,6,0.09657893693173279,0.0029058856254587746,cohort
33,pf_mpc,regular,353,27,0.003806002582365905,0.00016478944424771247,cohort
33,pf_mpc,variable,331,27,0.11229491573426872,0.013247751791152992,cohort
33,point,new,86,6,0.19793845931730025,0.0029058856254587746,cohort
33,point,regular,353,27,0.08416462371526333,0.00016478944424771247,cohort
33,point,variable,331,27,0.2226277552887104,0.013247751791152992,cohort
33,point_history,new,86,6,0.187853405174983,0.0029058856254587746,cohort
33,point_history,regular,353,27,0.09074281084092238,0.00016478944424771247,cohort
33,point_history,variable,331,27,0.2154630008557347,0.013247751791152992,cohort
33,stochastic,new,86,6,0.09607066437407986,0.0029058856254587746,cohort
33,stochastic,regular,353,27,0.005150429075903202,0.00016478944424771247,cohort
33,stochastic,variable,331,27,0.11148021861880228,0.013247751791152992,cohort
44,debt_share,new,70,6,0.05087972758813577,0.004174842664423108,cohort
44,debt_share,regular,314,27,0.033666819129769834,0.0005054714748164908,cohort
44,debt_share,variable,360,27,0.07155450100803452,0.017322697439190928,cohort
44,edf,new,70,6,0.03336974261478037,0.004174842664423108,cohort
44,edf,regular,314,27,0.014761722114933278,0.0005054714748164908,cohort
44,edf,variable,360,27,0.08018109720330395,0.017322697439190928,cohort
44,equal,new,70,6,0.05436795639536417,0.004174842664423108,cohort
44,equal,regular,314,27,0.037019726941915784,0.0005054714748164908,cohort
44,equal,variable,360,27,0.078165191300505,0.017322697439190928,cohort
44,fcfs,new,70,6,0.041833704515081116,0.004174842664423108,cohort
44,fcfs,regular,314,27,0.033120882466458404,0.0005054714748164908,cohort
44,fcfs,variable,360,27,0.07920152461792195,0.017322697439190928,cohort
44,history,new,70,6,0.026464378289275114,0.004174842664423108,cohort
44,history,regular,314,27,0.009474369738297007,0.0005054714748164908,cohort
44,history,variable,360,27,0.07960732373927719,0.017322697439190928,cohort
44,laxity,new,70,6,0.02523855143145607,0.004174842664423108,cohort
44,laxity,regular,314,27,0.008108105008929273,0.0005054714748164908,cohort
44,laxity,variable,360,27,0.09478073332244276,0.017322697439190928,cohort
44,maxmin,new,70,6,0.06534143021751299,0.004174842664423108,cohort
44,maxmin,regular,314,27,0.057402168632985875,0.0005054714748164908,cohort
44,maxmin,variable,360,27,0.08694581980588761,0.017322697439190928,cohort
44,pf_mpc,new,70,6,0.02039763677630956,0.004174842664423108,cohort
44,pf_mpc,regular,314,27,0.006573537474660619,0.0005054714748164908,cohort
44,pf_mpc,variable,360,27,0.08536960938066249,0.017322697439190928,cohort
44,point,new,70,6,0.10477161340976757,0.004174842664423108,cohort
44,point,regular,314,27,0.08561373997033483,0.0005054714748164908,cohort
44,point,variable,360,27,0.19151037119347128,0.017322697439190928,cohort
44,point_history,new,70,6,0.09961049596945562,0.004174842664423108,cohort
44,point_history,regular,314,27,0.09289394269824498,0.0005054714748164908,cohort
44,point_history,variable,360,27,0.18710367630908845,0.017322697439190928,cohort
44,stochastic,new,70,6,0.020397636776309524,0.004174842664423108,cohort
44,stochastic,regular,314,27,0.00812215090635533,0.0005054714748164908,cohort
44,stochastic,variable,360,27,0.08405255721512617,0.017322697439190928,cohort
55,debt_share,new,77,6,0.022191393985263062,0.00014594435003414025,cohort
55,debt_share,regular,321,27,0.02661070619000395,0.0,cohort
55,debt_share,variable,342,27,0.04648550067013491,0.009984190399359483,cohort
55,edf,new,77,6,0.03639398348698795,0.00014594435003414025,cohort
55,edf,regular,321,27,0.008822228623923673,0.0,cohort
55,edf,variable,342,27,0.061195551779108306,0.009984190399359483,cohort
55,equal,new,77,6,0.018949151562734405,0.00014594435003414025,cohort
55,equal,regular,321,27,0.02681879910841912,0.0,cohort
55,equal,variable,342,27,0.05031955942118063,0.009984190399359483,cohort
55,fcfs,new,77,6,0.03664644190707902,0.00014594435003414025,cohort
55,fcfs,regular,321,27,0.026192193686613657,0.0,cohort
55,fcfs,variable,342,27,0.04669333388495979,0.009984190399359483,cohort
55,history,new,77,6,0.02275772052177675,0.00014594435003414025,cohort
55,history,regular,321,27,0.002836012204473483,0.0,cohort
55,history,variable,342,27,0.058881369844216026,0.009984190399359483,cohort
55,laxity,new,77,6,0.021047733015569656,0.00014594435003414025,cohort
55,laxity,regular,321,27,0.002543270717541108,0.0,cohort
55,laxity,variable,342,27,0.07440699471823421,0.009984190399359483,cohort
55,maxmin,new,77,6,0.04249122080265379,0.00014594435003414025,cohort
55,maxmin,regular,321,27,0.041698855613837064,0.0,cohort
55,maxmin,variable,342,27,0.06670053454538703,0.009984190399359483,cohort
55,pf_mpc,new,77,6,0.02162771899525018,0.00014594435003414025,cohort
55,pf_mpc,regular,321,27,0.00219718470696369,0.0,cohort
55,pf_mpc,variable,342,27,0.06408193211405004,0.009984190399359483,cohort
55,point,new,77,6,0.13245243841248394,0.00014594435003414025,cohort
55,point,regular,321,27,0.08265881224779546,0.0,cohort
55,point,variable,342,27,0.18880690134309305,0.009984190399359483,cohort
55,point_history,new,77,6,0.1292737565457868,0.00014594435003414025,cohort
55,point_history,regular,321,27,0.08178113981160426,0.0,cohort
55,point_history,variable,342,27,0.18542756588434045,0.009984190399359483,cohort
55,stochastic,new,77,6,0.021826474859260207,0.00014594435003414025,cohort
55,stochastic,regular,321,27,0.00240625273537295,0.0,cohort
55,stochastic,variable,342,27,0.06252167903118505,0.009984190399359483,cohort
11,debt_share,<=3h,18,12,0.5168912063882574,0.224952070424976,dwell_band
11,debt_share,3-6h,245,48,0.10951662736641829,0.005203764721523572,dwell_band
11,debt_share,>6h,510,60,0.006709635093086014,0.0,dwell_band
11,edf,<=3h,18,12,0.2747149058855528,0.224952070424976,dwell_band
11,edf,3-6h,245,48,0.07528637979708219,0.005203764721523572,dwell_band
11,edf,>6h,510,60,0.01061287672044327,0.0,dwell_band
11,equal,<=3h,18,12,0.5106738134496387,0.224952070424976,dwell_band
11,equal,3-6h,245,48,0.12138494245266448,0.005203764721523572,dwell_band
11,equal,>6h,510,60,0.0062790251218357955,0.0,dwell_band
11,fcfs,<=3h,18,12,0.5193833632770236,0.224952070424976,dwell_band
11,fcfs,3-6h,245,48,0.10466359022746957,0.005203764721523572,dwell_band
11,fcfs,>6h,510,60,0.006377781941998617,0.0,dwell_band
11,history,<=3h,18,12,0.2687742926813216,0.224952070424976,dwell_band
11,history,3-6h,245,48,0.06970615478788093,0.005203764721523572,dwell_band
11,history,>6h,510,60,0.005924878512075802,0.0,dwell_band
11,laxity,<=3h,18,12,0.4899954078988722,0.224952070424976,dwell_band
11,laxity,3-6h,245,48,0.08676898496358118,0.005203764721523572,dwell_band
11,laxity,>6h,510,60,0.00394774005386728,0.0,dwell_band
11,maxmin,<=3h,18,12,0.5679695198683015,0.224952070424976,dwell_band
11,maxmin,3-6h,245,48,0.16561708865288424,0.005203764721523572,dwell_band
11,maxmin,>6h,510,60,0.011297784789871236,0.0,dwell_band
11,pf_mpc,<=3h,18,12,0.2805693667768821,0.224952070424976,dwell_band
11,pf_mpc,3-6h,245,48,0.0732464525809676,0.005203764721523572,dwell_band
11,pf_mpc,>6h,510,60,0.005389752200746643,0.0,dwell_band
11,point,<=3h,18,12,0.6955536237238505,0.224952070424976,dwell_band
11,point,3-6h,245,48,0.2246554302951721,0.005203764721523572,dwell_band
11,point,>6h,510,60,0.09977518103509737,0.0,dwell_band
11,point_history,<=3h,18,12,0.6835611385999882,0.224952070424976,dwell_band
11,point_history,3-6h,245,48,0.2276378938864216,0.005203764721523572,dwell_band
11,point_history,>6h,510,60,0.09837243129709672,0.0,dwell_band
11,stochastic,<=3h,18,12,0.2805693667768821,0.224952070424976,dwell_band
11,stochastic,3-6h,245,48,0.07378448858929504,0.005203764721523572,dwell_band
11,stochastic,>6h,510,60,0.005886900794455118,0.0,dwell_band
22,debt_share,<=3h,13,11,0.5027774581070353,0.2926963310021745,dwell_band
22,debt_share,3-6h,226,50,0.13898913852419406,0.002956364842574288,dwell_band
22,debt_share,>6h,509,59,0.011906588919185983,0.0,dwell_band
22,edf,<=3h,13,11,0.3749162612524399,0.2926963310021745,dwell_band
22,edf,3-6h,226,50,0.127261877684536,0.002956364842574288,dwell_band
22,edf,>6h,509,59,0.02156714436829873,0.0,dwell_band
22,equal,<=3h,13,11,0.5084717731489377,0.2926963310021745,dwell_band
22,equal,3-6h,226,50,0.14439630422000369,0.002956364842574288,dwell_band
22,equal,>6h,509,59,0.013549572391266237,0.0,dwell_band
22,fcfs,<=3h,13,11,0.4792415675420474,0.2926963310021745,dwell_band
22,fcfs,3-6h,226,50,0.14972076703245932,0.002956364842574288,dwell_band
22,fcfs,>6h,509,59,0.014125837158870065,0.0,dwell_band
22,history,<=3h,13,11,0.48086544249390706,0.2926963310021745,dwell_band
22,history,3-6h,226,50,0.12363218190481895,0.002956364842574288,dwell_band
22,history,>6h,509,59,0.011432089890627682,0.0,dwell_band
22,laxity,<=3h,13,11,0.48048535554959126,0.2926963310021745,dwell_band
22,laxity,3-6h,226,50,0.16098230728927868,0.002956364842574288,dwell_band
22,laxity,>6h,509,59,0.01086035760370427,0.0,dwell_band
22,maxmin,<=3h,13,11,0.5675816428061655,0.2926963310021745,dwell_band
22,maxmin,3-6h,226,50,0.19705175706018926,0.002956364842574288,dwell_band
22,maxmin,>6h,509,59,0.024865642366392656,0.0,dwell_band
22,pf_mpc,<=3h,13,11,0.46070378914051957,0.2926963310021745,dwell_band
22,pf_mpc,3-6h,226,50,0.127197348310162,0.002956364842574288,dwell_band
22,pf_mpc,>6h,509,59,0.01408903252156525,0.0,dwell_band
22,point,<=3h,13,11,0.7451275016982014,0.2926963310021745,dwell_band
22,point,3-6h,226,50,0.25932628908256117,0.002956364842574288,dwell_band
22,point,>6h,509,59,0.11721879566690598,0.0,dwell_band
22,point_history,<=3h,13,11,0.7499761569812318,0.2926963310021745,dwell_band
22,point_history,3-6h,226,50,0.26410927592967615,0.002956364842574288,dwell_band
22,point_history,>6h,509,59,0.11772791353961555,0.0,dwell_band
22,stochastic,<=3h,13,11,0.4745284066990705,0.2926963310021745,dwell_band
22,stochastic,3-6h,226,50,0.12539417571887737,0.002956364842574288,dwell_band
22,stochastic,>6h,509,59,0.014630806389890597,0.0,dwell_band
33,debt_share,<=3h,17,12,0.4289346614913246,0.16672117624048538,dwell_band
33,debt_share,3-6h,240,44,0.1472689272644299,0.0077450945183011955,dwell_band
33,debt_share,>6h,513,60,0.017752479090509553,0.0,dwell_band
33,edf,<=3h,17,12,0.3452397808627603,0.16672117624048538,dwell_band
33,edf,3-6h,240,44,0.12100059203263827,0.0077450945183011955,dwell_band
33,edf,>6h,513,60,0.023498289811788475,0.0,dwell_band
33,equal,<=3h,17,12,0.44554278737319863,0.16672117624048538,dwell_band
33,equal,3-6h,240,44,0.1719249547936447,0.0077450945183011955,dwell_band
33,equal,>6h,513,60,0.01780135446749462,0.0,dwell_band
33,fcfs,<=3h,17,12,0.4983267113737959,0.16672117624048538,dwell_band
33,fcfs,3-6h,240,44,0.16611475918290122,0.0077450945183011955,dwell_band
33,fcfs,>6h,513,60,0.017069814991899034,0.0,dwell_band
33,history,<=3h,17,12,0.36700927475645256,0.16672117624048538,dwell_band
33,history,3-6h,240,44,0.12622725671667392,0.0077450945183011955,dwell_band
33,history,>6h,513,60,0.013198528910469692,0.0,dwell_band
33,laxity,<=3h,17,12,0.5509258865967587,0.16672117624048538,dwell_band
33,laxity,3-6h,240,44,0.16175459319114024,0.0077450945183011955,dwell_band
33,laxity,>6h,513,60,0.011577423097506529,0.0,dwell_band
33,maxmin,<=3h,17,12,0.5672682704031102,0.16672117624048538,dwell_band
33,maxmin,3-6h,240,44,0.2149987580105728,0.0077450945183011955,dwell_band
33,maxmin,>6h,513,60,0.02795504723636056,0.0,dwell_band
33,pf_mpc,<=3h,17,12,0.39546160159776883,0.16672117624048538,dwell_band
33,pf_mpc,3-6h,240,44,0.14312962041583002,0.0077450945183011955,dwell_band
33,pf_mpc,>6h,513,60,0.011198768945001672,0.0,dwell_band
33,point,<=3h,17,12,0.6232788095604862,0.16672117624048538,dwell_band
33,point,3-6h,240,44,0.25171722106548633,0.0077450945183011955,dwell_band
33,point,>6h,513,60,0.09632501726139168,0.0,dwell_band
33,point_history,<=3h,17,12,0.6328267282024627,0.16672117624048538,dwell_band
33,point_history,3-6h,240,44,0.24720495694564526,0.0077450945183011955,dwell_band
33,point_history,>6h,513,60,0.09633258149852943,0.0,dwell_band
33,stochastic,<=3h,17,12,0.38254538878124306,0.16672117624048538,dwell_band
33,stochastic,3-6h,240,44,0.14348591467772298,0.0077450945183011955,dwell_band
33,stochastic,>6h,513,60,0.011774346648837445,0.0,dwell_band
44,debt_share,<=3h,19,12,0.5257749012241252,0.2702198636687205,dwell_band
44,debt_share,3-6h,200,50,0.1283986292705605,0.007764753490025208,dwell_band
44,debt_share,>6h,525,60,0.008044063854169866,0.0,dwell_band
44,edf,<=3h,19,12,0.5396574676221939,0.2702198636687205,dwell_band
44,edf,3-6h,200,50,0.09524832735587546,0.007764753490025208,dwell_band
44,edf,>6h,525,60,0.012444000693935853,0.0,dwell_band
44,equal,<=3h,19,12,0.5422404514085255,0.2702198636687205,dwell_band
44,equal,3-6h,200,50,0.14345636623189673,0.007764753490025208,dwell_band
44,equal,>6h,525,60,0.008715387147576227,0.0,dwell_band
44,fcfs,<=3h,19,12,0.6064906077559371,0.2702198636687205,dwell_band
44,fcfs,3-6h,200,50,0.12692220357278475,0.007764753490025208,dwell_band
44,fcfs,>6h,525,60,0.009396386687725265,0.0,dwell_band
44,history,<=3h,19,12,0.5604152893701417,0.2702198636687205,dwell_band
44,history,3-6h,200,50,0.09231096817475488,0.007764753490025208,dwell_band
44,history,>6h,525,60,0.0083352590309155,0.0,dwell_band
44,laxity,<=3h,19,12,0.6139584709259681,0.2702198636687205,dwell_band
44,laxity,3-6h,200,50,0.11437179113951103,0.007764753490025208,dwell_band
44,laxity,>6h,525,60,0.007417406463980014,0.0,dwell_band
44,maxmin,<=3h,19,12,0.5306763386832462,0.2702198636687205,dwell_band
44,maxmin,3-6h,200,50,0.17070099671317573,0.007764753490025208,dwell_band
44,maxmin,>6h,525,60,0.018429764606640357,0.0,dwell_band
44,pf_mpc,<=3h,19,12,0.583217857314918,0.2702198636687205,dwell_band
44,pf_mpc,3-6h,200,50,0.09586343154136069,0.007764753490025208,dwell_band
44,pf_mpc,>6h,525,60,0.007564112611748607,0.0,dwell_band
44,point,<=3h,19,12,0.702186486088208,0.2702198636687205,dwell_band
44,point,3-6h,200,50,0.21912857469112856,0.007764753490025208,dwell_band
44,point,>6h,525,60,0.08760610046688926,0.0,dwell_band
44,point_history,<=3h,19,12,0.6661692340373125,0.2702198636687205,dwell_band
44,point_history,3-6h,200,50,0.21496747508088135,0.007764753490025208,dwell_band
44,point_history,>6h,525,60,0.09113913473047132,0.0,dwell_band
44,stochastic,<=3h,19,12,0.5809773376063336,0.2702198636687205,dwell_band
44,stochastic,3-6h,200,50,0.0936331685436857,0.007764753490025208,dwell_band
44,stochastic,>6h,525,60,0.00851791892023844,0.0,dwell_band
55,debt_share,<=3h,16,12,0.38716315576940386,0.1737834768771156,dwell_band
55,debt_share,3-6h,191,52,0.08393812894591281,0.003378508908375509,dwell_band
55,debt_share,>6h,533,60,0.007358390491675151,0.0,dwell_band
55,edf,<=3h,16,12,0.43042988464499965,0.1737834768771156,dwell_band
55,edf,3-6h,191,52,0.0745787847882376,0.003378508908375509,dwell_band
55,edf,>6h,533,60,0.010190853238947913,0.0,dwell_band
55,equal,<=3h,16,12,0.39194893608470444,0.1737834768771156,dwell_band
55,equal,3-6h,191,52,0.09100517560160454,0.003378508908375509,dwell_band
55,equal,>6h,533,60,0.006799318928546207,0.0,dwell_band
55,fcfs,<=3h,16,12,0.29841091989577995,0.1737834768771156,dwell_band
55,fcfs,3-6h,191,52,0.08645440485054973,0.003378508908375509,dwell_band
55,fcfs,>6h,533,60,0.011090477193464988,0.0,dwell_band
55,history,<=3h,16,12,0.44705408945855396,0.1737834768771156,dwell_band
55,history,3-6h,191,52,0.06914975201052301,0.003378508908375509,dwell_band
55,history,>6h,533,60,0.0045772323061687055,0.0,dwell_band
55,laxity,<=3h,16,12,0.5273663379207679,0.1737834768771156,dwell_band
55,laxity,3-6h,191,52,0.08888214819792675,0.003378508908375509,dwell_band
55,laxity,>6h,533,60,0.004633969650336516,0.0,dwell_band
55,maxmin,<=3h,16,12,0.4860023261970415,0.1737834768771156,dwell_band
55,maxmin,3-6h,191,52,0.13115016689791134,0.003378508908375509,dwell_band
55,maxmin,>6h,533,60,0.01246345285499939,0.0,dwell_band
55,pf_mpc,<=3h,16,12,0.45104489038344325,0.1737834768771156,dwell_band
55,pf_mpc,3-6h,191,52,0.07685026605340113,0.003378508908375509,dwell_band
55,pf_mpc,>6h,533,60,0.004486927531407161,0.0,dwell_band
55,point,<=3h,16,12,0.6528912889518413,0.1737834768771156,dwell_band
55,point,3-6h,191,52,0.20914494968958083,0.003378508908375509,dwell_band
55,point,>6h,533,60,0.0955184441551633,0.0,dwell_band
55,point_history,<=3h,16,12,0.6622676328812677,0.1737834768771156,dwell_band
55,point_history,3-6h,191,52,0.2072749243809507,0.003378508908375509,dwell_band
55,point_history,>6h,533,60,0.09275095681638484,0.0,dwell_band
55,stochastic,<=3h,16,12,0.4519745864652082,0.1737834768771156,dwell_band
55,stochastic,3-6h,191,52,0.07312871016440615,0.003378508908375509,dwell_band
55,stochastic,>6h,533,60,0.004946121756169101,0.0,dwell_band
11,debt_share,<=15kWh,208,35,0.017541620699901346,0.00032533938709379713,request_band
11,debt_share,15-25kWh,442,59,0.05308054137786028,0.009464428129260795,request_band
11,debt_share,>25kWh,123,23,0.10119734083448174,0.008724486168894817,request_band
11,edf,<=15kWh,208,35,0.011455750286558744,0.00032533938709379713,request_band
11,edf,15-25kWh,442,59,0.040040142998116944,0.009464428129260795,request_band
11,edf,>25kWh,123,23,0.07091105055999389,0.008724486168894817,request_band
11,equal,<=15kWh,208,35,0.014169582382478145,0.00032533938709379713,request_band
11,equal,15-25kWh,442,59,0.05457128662356981,0.009464428129260795,request_band
11,equal,>25kWh,123,23,0.12248748399966862,0.008724486168894817,request_band
11,fcfs,<=15kWh,208,35,0.02572161069960583,0.00032533938709379713,request_band
11,fcfs,15-25kWh,442,59,0.050929330135262636,0.009464428129260795,request_band
11,fcfs,>25kWh,123,23,0.0844169917872493,0.008724486168894817,request_band
11,history,<=15kWh,208,35,0.011130683673994078,0.00032533938709379713,request_band
11,history,15-25kWh,442,59,0.03588077428820435,0.009464428129260795,request_band
11,history,>25kWh,123,23,0.054984949535578705,0.008724486168894817,request_band
11,laxity,<=15kWh,208,35,0.05371703015083748,0.00032533938709379713,request_band
11,laxity,15-25kWh,442,59,0.0388234751199636,0.009464428129260795,request_band
11,laxity,>25kWh,123,23,0.03055729927911623,0.008724486168894817,request_band
11,maxmin,<=15kWh,208,35,0.07484513141735669,0.00032533938709379713,request_band
11,maxmin,15-25kWh,442,59,0.07462976695468065,0.009464428129260795,request_band
11,maxmin,>25kWh,123,23,0.06510052025724675,0.008724486168894817,request_band
11,pf_mpc,<=15kWh,208,35,0.012886824520931468,0.00032533938709379713,request_band
11,pf_mpc,15-25kWh,442,59,0.037020990872076644,0.009464428129260795,request_band
11,pf_mpc,>25kWh,123,23,0.05447695643000085,0.008724486168894817,request_band
11,point,<=15kWh,208,35,0.14563847853253403,0.00032533938709379713,request_band
11,point,15-25kWh,442,59,0.1563897617113371,0.009464428129260795,request_band
11,point,>25kWh,123,23,0.15470577045583792,0.008724486168894817,request_band
11,point_history,<=15kWh,208,35,0.1431473662171169,0.00032533938709379713,request_band
11,point_history,15-25kWh,442,59,0.15749592618308011,0.009464428129260795,request_band
11,point_history,>25kWh,123,23,0.1533127879057779,0.008724486168894817,request_band
11,stochastic,<=15kWh,208,35,0.012247421384423196,0.00032533938709379713,request_band
11,stochastic,15-25kWh,442,59,0.037326504314545546,0.009464428129260795,request_band
11,stochastic,>25kWh,123,23,0.057593407776781465,0.008724486168894817,request_band
22,debt_share,<=15kWh,183,35,0.013589562782313897,0.00175967813273016,request_band
22,debt_share,15-25kWh,447,60,0.057812773822173806,0.00429085896924885,request_band
22,debt_share,>25kWh,118,23,0.13287208588177837,0.01892504830428985,request_band
22,edf,<=15kWh,183,35,0.03572916074322024,0.00175967813273016,request_band
22,edf,15-25kWh,447,60,0.05552099661674407,0.00429085896924885,request_band
22,edf,>25kWh,118,23,0.11234279943014414,0.01892504830428985,request_band
22,equal,<=15kWh,183,35,0.010633701809172322,0.00175967813273016,request_band
22,equal,15-25kWh,447,60,0.05755393722139055,0.00429085896924885,request_band
22,equal,>25kWh,118,23,0.1565072269726392,0.01892504830428985,request_band
22,fcfs,<=15kWh,183,35,0.02646543612599839,0.00175967813273016,request_band
22,fcfs,15-25kWh,447,60,0.06367771298196125,0.00429085896924885,request_band
22,fcfs,>25kWh,118,23,0.11822010446824492,0.01892504830428985,request_band
22,history,<=15kWh,183,35,0.02403042309662341,0.00175967813273016,request_band
22,history,15-25kWh,447,60,0.05423763321736154,0.00429085896924885,request_band
22,history,>25kWh,118,23,0.09634973002031079,0.01892504830428985,request_band
22,laxity,<=15kWh,183,35,0.08587159775634916,0.00175967813273016,request_band
22,laxity,15-25kWh,447,60,0.05926706796562916,0.00429085896924885,request_band
22,laxity,>25kWh,118,23,0.05041823152338142,0.01892504830428985,request_band
22,maxmin,<=15kWh,183,35,0.0818398129888418,0.00175967813273016,request_band
22,maxmin,15-25kWh,447,60,0.08695101077491983,0.00429085896924885,request_band
22,maxmin,>25kWh,118,23,0.09089053240025062,0.01892504830428985,request_band
22,pf_mpc,<=15kWh,183,35,0.026387173198631212,0.00175967813273016,request_band
22,pf_mpc,15-25kWh,447,60,0.05825368125105537,0.00429085896924885,request_band
22,pf_mpc,>25kWh,118,23,0.09354931623583738,0.01892504830428985,request_band
22,point,<=15kWh,183,35,0.161985309162904,0.00175967813273016,request_band
22,point,15-25kWh,447,60,0.1661258110753072,0.00429085896924885,request_band
22,point,>25kWh,118,23,0.20387471798065124,0.01892504830428985,request_band
22,point_history,<=15kWh,183,35,0.1680147285300568,0.00175967813273016,request_band
22,point_history,15-25kWh,447,60,0.1681396189392236,0.00429085896924885,request_band
22,point_history,>25kWh,118,23,0.19878635089571017,0.01892504830428985,request_band
22,stochastic,<=15kWh,183,35,0.02421257743990781,0.00175967813273016,request_band
22,stochastic,15-25kWh,447,60,0.05727887630659663,0.00429085896924885,request_band
22,stochastic,>25kWh,118,23,0.1010209667072601,0.01892504830428985,request_band
33,debt_share,<=15kWh,147,36,0.01588789537783535,0.0,request_band
33,debt_share,15-25kWh,472,60,0.05987342766281086,0.0033310979804300907,request_band
33,debt_share,>25kWh,151,30,0.14005082837654678,0.020667579031241955,request_band
33,edf,<=15kWh,147,36,0.03818599810381446,0.0,request_band
33,edf,15-25kWh,472,60,0.05861668243285942,0.0033310979804300907,request_band
33,edf,>25kWh,151,30,0.09061870997600811,0.020667579031241955,request_band
33,equal,<=15kWh,147,36,0.011828446961209401,0.0,request_band
33,equal,15-25kWh,472,60,0.06592783255663234,0.0033310979804300907,request_band
33,equal,>25kWh,151,30,0.16630193846103045,0.020667579031241955,request_band
33,fcfs,<=15kWh,147,36,0.03209671489926265,0.0,request_band
33,fcfs,15-25kWh,472,60,0.07819883879357413,0.0033310979804300907,request_band
33,fcfs,>25kWh,151,30,0.10243604230024124,0.020667579031241955,request_band
33,history,<=15kWh,147,36,0.04294897318048682,0.0,request_band
33,history,15-25kWh,472,60,0.050518413626915115,0.0033310979804300907,request_band
33,history,>25kWh,151,30,0.08706194916885357,0.020667579031241955,request_band
33,laxity,<=15kWh,147,36,0.10008001595322352,0.0,request_band
33,laxity,15-25kWh,472,60,0.06625145621952837,0.0033310979804300907,request_band
33,laxity,>25kWh,151,30,0.05393119739270301,0.020667579031241955,request_band
33,maxmin,<=15kWh,147,36,0.07931423748233309,0.0,request_band
33,maxmin,15-25kWh,472,60,0.10126750111325367,0.0033310979804300907,request_band
33,maxmin,>25kWh,151,30,0.1067996577237392,0.020667579031241955,request_band
33,pf_mpc,<=15kWh,147,36,0.045121947078816914,0.0,request_band
33,pf_mpc,15-25kWh,472,60,0.05923677670162944,0.0033310979804300907,request_band
33,pf_mpc,>25kWh,151,30,0.08096847531120499,0.020667579031241955,request_band
33,point,<=15kWh,147,36,0.16055620235090734,0.0,request_band
33,point,15-25kWh,472,60,0.14029366172530516,0.0033310979804300907,request_band
33,point,>25kWh,151,30,0.20266381849941392,0.020667579031241955,request_band
33,point_history,<=15kWh,147,36,0.17162394928255295,0.0,request_band
33,point_history,15-25kWh,472,60,0.1390100012210602,0.0033310979804300907,request_band
33,point_history,>25kWh,151,30,0.18983057771037506,0.020667579031241955,request_band
33,stochastic,<=15kWh,147,36,0.04480342157694187,0.0,request_band
33,stochastic,15-25kWh,472,60,0.056836879434898686,0.0033310979804300907,request_band
33,stochastic,>25kWh,151,30,0.08984782051460675,0.020667579031241955,request_band
44,debt_share,<=15kWh,176,30,0.01183085305374772,0.0001899406253385568,request_band
44,debt_share,15-25kWh,429,60,0.04957285197913461,0.008504491836629385,request_band
44,debt_share,>25kWh,139,26,0.1190186968654771,0.021620658703144877,request_band
44,edf,<=15kWh,176,30,0.017233183119141293,0.0001899406253385568,request_band
44,edf,15-25kWh,429,60,0.04363195332630647,0.008504491836629385,request_band
44,edf,>25kWh,139,26,0.10133172312488312,0.021620658703144877,request_band
44,equal,<=15kWh,176,30,0.010540263802471193,0.0001899406253385568,request_band
44,equal,15-25kWh,429,60,0.05118912217120436,0.008504491836629385,request_band
44,equal,>25kWh,139,26,0.14211654845278598,0.021620658703144877,request_band
44,fcfs,<=15kWh,176,30,0.02296647088114212,0.0001899406253385568,request_band
44,fcfs,15-25kWh,429,60,0.05214593053631311,0.008504491836629385,request_band
44,fcfs,>25kWh,139,26,0.11099397264615958,0.021620658703144877,request_band
44,history,<=15kWh,176,30,0.023163760647651296,0.0001899406253385568,request_band
44,history,15-25kWh,429,60,0.04337854338997177,0.008504491836629385,request_band
44,history,>25kWh,139,26,0.07769696500668913,0.021620658703144877,request_band
44,laxity,<=15kWh,176,30,0.058562741849502116,0.0001899406253385568,request_band
44,laxity,15-25kWh,429,60,0.05027473136914922,0.008504491836629385,request_band
44,laxity,>25kWh,139,26,0.04718564925329293,0.021620658703144877,request_band
44,maxmin,<=15kWh,176,30,0.049737773013950014,0.0001899406253385568,request_band
44,maxmin,15-25kWh,429,60,0.07577981891882316,0.008504491836629385,request_band
44,maxmin,>25kWh,139,26,0.09090133690268115,0.021620658703144877,request_band
44,pf_mpc,<=15kWh,176,30,0.023273141137484812,0.0001899406253385568,request_band
44,pf_mpc,15-25kWh,429,60,0.04418319132253263,0.008504491836629385,request_band
44,pf_mpc,>25kWh,139,26,0.08039081151697679,0.021620658703144877,request_band
44,point,<=15kWh,176,30,0.13447807005859536,0.0001899406253385568,request_band
44,point,15-25kWh,429,60,0.12743610265942246,0.008504491836629385,request_band
44,point,>25kWh,139,26,0.1785772125741979,0.021620658703144877,request_band
44,point_history,<=15kWh,176,30,0.12593044945831747,0.0001899406253385568,request_band
44,point_history,15-25kWh,429,60,0.129489931212404,0.008504491836629385,request_band
44,point_history,>25kWh,139,26,0.18549508346472993,0.021620658703144877,request_band
44,stochastic,<=15kWh,176,30,0.022335706616377033,0.0001899406253385568,request_band
44,stochastic,15-25kWh,429,60,0.04232440431942924,0.008504491836629385,request_band
44,stochastic,>25kWh,139,26,0.08740184704219536,0.021620658703144877,request_band
55,debt_share,<=15kWh,177,31,0.010925527018065508,0.0043000683665066234,request_band
55,debt_share,15-25kWh,461,60,0.033372751607195474,0.00236490306819286,request_band
55,debt_share,>25kWh,102,24,0.08657018117576429,0.015436258982597947,request_band
55,edf,<=15kWh,177,31,0.020629245073736927,0.0043000683665066234,request_band
55,edf,15-25kWh,461,60,0.03528925870793391,0.00236490306819286,request_band
55,edf,>25kWh,102,24,0.06513162924336906,0.015436258982597947,request_band
55,equal,<=15kWh,177,31,0.010061498482588417,0.0043000683665066234,request_band
55,equal,15-25kWh,461,60,0.03418329361089897,0.00236490306819286,request_band
55,equal,>25kWh,102,24,0.09546887176602248,0.015436258982597947,request_band
55,fcfs,<=15kWh,177,31,0.017916927271520566,0.0043000683665066234,request_band
55,fcfs,15-25kWh,461,60,0.03546074591725353,0.00236490306819286,request_band
55,fcfs,>25kWh,102,24,0.07529304307834607,0.015436258982597947,request_band
55,history,<=15kWh,177,31,0.019907200606828993,0.0043000683665066234,request_band
55,history,15-25kWh,461,60,0.033246904250274094,0.00236490306819286,request_band
55,history,>25kWh,102,24,0.03872289723283912,0.015436258982597947,request_band
55,laxity,<=15kWh,177,31,0.04742094919286263,0.0043000683665066234,request_band
55,laxity,15-25kWh,461,60,0.03547848644517053,0.00236490306819286,request_band
55,laxity,>25kWh,102,24,0.030736934096130986,0.015436258982597947,request_band
55,maxmin,<=15kWh,177,31,0.05287445440245311,0.0043000683665066234,request_band
55,maxmin,15-25kWh,461,60,0.05333677213406319,0.00236490306819286,request_band
55,maxmin,>25kWh,102,24,0.0541344027973635,0.015436258982597947,request_band
55,pf_mpc,<=15kWh,177,31,0.022315421257740307,0.0043000683665066234,request_band
55,pf_mpc,15-25kWh,461,60,0.034811621323691415,0.00236490306819286,request_band
55,pf_mpc,>25kWh,102,24,0.04204572984051909,0.015436258982597947,request_band
55,point,<=15kWh,177,31,0.14309099975592351,0.0043000683665066234,request_band
55,point,15-25kWh,461,60,0.13557497990413603,0.00236490306819286,request_band
55,point,>25kWh,102,24,0.13212847113761048,0.015436258982597947,request_band
55,point_history,<=15kWh,177,31,0.1286155947819851,0.0043000683665066234,request_band
55,point_history,15-25kWh,461,60,0.13684105760896384,0.00236490306819286,request_band
55,point_history,>25kWh,102,24,0.13503298854756166,0.015436258982597947,request_band
55,stochastic,<=15kWh,177,31,0.018732140523629596,0.0043000683665066234,request_band
55,stochastic,15-25kWh,461,60,0.034845294038171444,0.00236490306819286,request_band
55,stochastic,>25kWh,102,24,0.04368814212356436,0.015436258982597947,request_band
