sid,user,day,requested,delivered,cost,shortfall,excess,dwell_hours,cohort,individual_unavoidable
s44-110-32,u032,2025-06-09,19.136850861220616,14.869936697689313,1.9395569605681713,0.2229684598827011,0,6.0,regular,0.0
s44-110-11,u011,2025-06-09,22.14729400477582,17.981957294768687,2.345472690622002,0.1880742951761476,0,6.5,variable,0.0
s44-110-28,u028,2025-06-09,15.703763918819586,12.750289588175082,1.6630812506315327,0.18807429517614072,0,4.75,variable,0.0
s44-110-47,u047,2025-06-09,29.13769078936548,25.86238827823188,3.8047187607309554,0.11240775855611052,0,6.0,regular,0.0
s44-110-49,u049,2025-06-09,12.518488486443747,11.111313255172234,1.6346294682264335,0.11240775855610208,0,7.25,variable,0.0
s44-110-56,u056,2025-06-09,23.716587477113357,21.05065903821116,3.096846142235246,0.11240775855610907,0,6.25,new,0.0
s44-110-18,u018,2025-06-09,14.920046911291584,13.903486609415824,2.1636211456769128,0.06813385426465524,0,6.75,regular,0.0
s44-110-48,u048,2025-06-09,22.2813897048092,21.789634427434713,3.565804761885468,0.02207022469825337,0,6.5,regular,0.0
s44-110-3,u003,2025-06-09,11.873700221180009,11.873700221180009,1.985661772373047,0.0,0,6.25,variable,0.0
s44-110-36,u036,2025-06-09,26.634539880519455,26.634539880519455,4.454145437422711,0.0,0,6.0,variable,0.0
s44-110-26,u026,2025-06-09,14.561899087158846,14.561899087158846,2.435214449742265,0.0,0,5.5,regular,0.0
s44-110-27,u027,2025-06-09,17.186668373854054,17.186668373854054,2.874159676318971,0.0,0,6.75,regular,0.0
s44-110-59,u059,2025-06-09,12.594368023582534,12.594368023582534,2.106180437924183,0.0,0,8.0,new,0.0
s44-110-24,u024,2025-06-09,27.186799507234127,27.186799507234127,4.546500879177614,0.0,0,7.25,variable,0.0
s44-110-16,u016,2025-06-09,23.289506004833633,23.289506004833633,3.8947489754508617,0.0,0,7.0,regular,0.0
s44-110-22,u022,2025-06-09,24.71439812908228,24.71439812908228,4.133036431607886,0.0,0,7.75,regular,0.0
s44-110-46,u046,2025-06-09,23.60566104781866,23.60566104781866,3.9476201926202616,0.0,0,8.0,regular,0.0
s44-110-5,u005,2025-06-09,15.672308022427544,15.672308022427544,2.620910276097351,0.0,0,6.5,regular,0.0
s44-110-10,u010,2025-06-09,17.70045506788872,17.70045506788872,2.960081215392256,0.0,0,7.5,variable,0.0
s44-110-6,u006,2025-06-09,23.174415125488185,23.174415125488185,3.8755021058813073,0.0,0,7.75,variable,0.0
s44-110-38,u038,2025-06-09,21.09801213841318,21.09801213841318,3.528261232465821,0.0,0,7.5,regular,0.0
s44-110-19,u019,2025-06-09,11.92127324660669,11.92127324660669,1.9936175011034551,0.0,0,8.25,variable,0.0
s44-110-23,u023,2025-06-09,21.65104311906988,21.65104311906988,3.6207456692270927,0.0,0,9.0,variable,0.0
s44-110-35,u035,2025-06-09,19.44182067741695,19.44182067741695,3.251293142437338,0.0,0,8.5,regular,0.0
s44-110-40,u040,2025-06-09,14.258376472263704,14.258376472263704,2.384455777869032,0.0,0,10.0,variable,0.0
s44-110-45,u045,2025-06-09,20.24282262686755,20.24282262686755,3.385246242228696,0.0,0,10.0,variable,0.0
s44-111-21,u021,2025-06-10,31.490643498485348,17.476725755473893,2.2795729246270295,0.44501846218815766,0,5.25,variable,0.0
s44-111-24,u024,2025-06-10,28.29579948128857,17.631244806450805,2.299727583450105,0.37689532970750705,0,3.75,variable,0.19528691829127032
s44-111-6,u006,2025-06-10,16.124431061540946,10.047208300255521,1.3105054304681114,0.37689532970750594,0,5.0,variable,0.0
s44-111-18,u018,2025-06-10,14.910939972203431,10.626000000002762,1.3860000000003596,0.28736887011741297,0,6.5,regular,0.0
s44-111-31,u031,2025-06-10,24.589151213327362,17.16033839756373,2.2383050083778775,0.30211749691210177,0,5.5,regular,0.0
s44-111-47,u047,2025-06-10,29.310051616089126,22.772008068850983,2.9702619220240414,0.22306489367112625,0,6.0,regular,0.0
s44-111-42,u042,2025-06-10,12.245996777486527,10.553212976889736,1.4781344482490058,0.13823160591621786,0,5.75,regular,0.0
s44-111-48,u048,2025-06-10,21.3903492161185,18.43352689286547,2.5818896257222006,0.13823160591622996,0,6.75,regular,0.0
s44-111-53,u053,2025-06-10,19.02054228562084,16.39130218008195,2.2958456781925523,0.13823160591622796,0,6.0,regular,0.0
s44-111-30,u030,2025-06-10,11.801273835299565,10.746241683559234,1.612371215409497,0.08939985347891477,0,6.25,variable,0.0
s44-111-29,u029,2025-06-10,11.742998347798025,11.286725842752572,1.7979580739313819,0.03885485559410051,0,6.25,regular,0.0
s44-111-32,u032,2025-06-10,17.012317380510424,17.012317380510424,2.820285054795126,0.0,0,6.25,regular,0.0
s44-111-8,u008,2025-06-10,21.15901771691177,21.15901771691177,3.5077209122324278,0.0,0,7.25,regular,0.0
s44-111-14,u014,2025-06-10,14.883878215121964,14.883878215121964,2.467434526914508,0.0,0,6.75,variable,0.0
s44-111-36,u036,2025-06-10,26.248431268180784,26.248431268180784,4.351438828802663,0.0,0,6.75,variable,0.0
s44-111-26,u026,2025-06-10,14.05321851201573,14.05321851201573,2.329728587512337,0.0,0,6.5,regular,0.0
s44-111-58,u058,2025-06-10,6.0,6.0,0.9946740323664787,0.0,0,8.0,new,0.0
s44-111-33,u033,2025-06-10,21.48243948084442,21.48243948084442,3.5613374505800888,0.0,0,7.0,variable,0.0
s44-111-39,u039,2025-06-10,27.949987816310617,27.949987816310617,4.63352118097398,0.0,0,7.5,variable,0.0
s44-111-19,u019,2025-06-10,13.369549209147266,13.369549209147266,2.2163905704641094,0.0,0,8.25,variable,0.0
s44-111-46,u046,2025-06-10,19.167823125879835,19.167823125879835,3.177622653384413,0.0,0,7.75,regular,0.0
s44-111-51,u051,2025-06-10,11.75649095924302,11.75649095924302,1.9489793781517282,0.0,0,8.25,regular,0.0
s44-111-55,u055,2025-06-10,26.060184730519317,26.060184730519317,4.320231505020202,0.0,0,7.5,new,0.0
s44-111-23,u023,2025-06-10,21.162364734163457,21.162364734163457,3.5082757774234508,0.0,0,9.0,variable,0.0
s44-111-57,u057,2025-06-10,21.814047952636795,21.814047952636795,3.616311173214192,0.0,0,9.0,new,0.0
s44-111-17,u017,2025-06-10,15.897073453129515,15.897073453129515,2.635401025741758,0.0,0,9.75,variable,0.0
s44-111-50,u050,2025-06-10,23.256561678772776,23.256561678772776,3.8554496640008056,0.0,0,9.5,variable,0.0
s44-111-45,u045,2025-06-10,23.349244293556982,23.349244293556982,3.8708144956970862,0.0,0,9.0,variable,0.0
s44-112-45,u045,2025-06-11,23.469091162924652,10.9815819693663,1.4323802568738648,0.5320832028334153,0,2.5,variable,0.3531918260226182
s44-112-28,u028,2025-06-11,18.989281136105618,10.235048345734727,1.335006305965399,0.4610091728920622,0,3.5,variable,0.0
s44-112-56,u056,2025-06-11,20.99948605286193,13.652130910438556,1.7807127274485075,0.349882617313962,0,5.0,new,0.0
s44-112-47,u047,2025-06-11,31.457871308355635,24.21803991697262,3.1588747717790375,0.23014371571480163,0,5.5,regular,0.0
s44-112-10,u010,2025-06-11,18.341565792177136,14.904507645056228,1.9440662145725507,0.18739175194011237,0,5.5,variable,0.0
s44-112-11,u011,2025-06-11,21.214862965809797,18.16560983012523,2.3694273691467687,0.14373192702676374,0,5.5,variable,0.0
s44-112-53,u053,2025-06-11,20.40827413517455,17.474953566435463,2.27934176953506,0.14373192702676318,0,5.25,regular,0.0
s44-112-6,u006,2025-06-11,22.187808932405098,18.998712398048855,2.4780929214846332,0.1437319270267644,0,5.75,variable,0.0
s44-112-27,u027,2025-06-11,22.812451136074735,20.729880620487048,2.937957546533924,0.09129095787056352,0,5.5,regular,0.0
s44-112-5,u005,2025-06-11,15.288622700230826,13.892909689405158,1.9689828230348452,0.09129095787056052,0,5.5,regular,0.0
s44-112-3,u003,2025-06-11,17.39140024199631,17.39140024199631,2.757515145353479,0.0,0,6.5,variable,0.0
s44-112-30,u030,2025-06-11,13.243241669019236,13.243241669019236,2.099798691752995,0.0,0,8.0,variable,0.0
s44-112-50,u050,2025-06-11,23.28151196099695,23.28151196099695,3.691429151526927,0.0,0,5.0,variable,0.0
s44-112-19,u019,2025-06-11,10.747668646923255,10.747668646923255,1.7041100002727154,0.0,0,7.75,variable,0.0
s44-112-29,u029,2025-06-11,12.449551686271459,12.449551686271459,1.973954187130684,0.0,0,6.5,regular,0.0
s44-112-43,u043,2025-06-11,23.22568352289559,23.22568352289559,3.6825772039284708,0.0,0,7.25,regular,0.0
s44-112-59,u059,2025-06-11,16.2335432193994,16.2335432193994,2.5739296817600987,0.0,0,7.0,new,0.0
s44-112-22,u022,2025-06-11,26.576503234517943,26.576503234517943,4.213870600410454,0.0,0,8.0,regular,0.0
s44-112-34,u034,2025-06-11,24.266468850867764,24.266468850867764,3.847600219039965,0.0,0,8.25,variable,0.0
s44-112-2,u002,2025-06-11,16.451700076017303,16.451700076017303,2.6085198141137846,0.0,0,7.5,regular,0.0
s44-112-24,u024,2025-06-11,23.113566932688247,23.113566932688247,3.6648004182044787,0.0,0,7.5,variable,0.0
s44-112-25,u025,2025-06-11,26.903260724922553,26.903260724922553,4.265680041634894,0.0,0,9.25,variable,0.0
s44-112-9,u009,2025-06-11,30.341984513453042,30.341984513453042,4.810911178611583,0.0,0,9.75,variable,0.0
s44-112-12,u012,2025-06-11,23.272526563617568,23.272526563617568,3.6900044606443125,0.0,0,10.5,variable,0.0
s44-113-42,u042,2025-06-12,9.420924756509786,9.420924756509786,1.2288162725882328,0.0,0,6.25,regular,0.0
s44-113-10,u010,2025-06-12,16.114654066704546,16.114654066704546,2.1019114000049406,0.0,0,6.25,variable,0.0
s44-113-30,u030,2025-06-12,13.539846035926221,13.539846035926221,1.7660668742512462,0.0,0,6.25,variable,0.0
s44-113-58,u058,2025-06-12,8.814501509783005,8.814501509783005,1.1497175882325656,0.0,0,7.5,new,0.0
s44-113-20,u020,2025-06-12,16.582034367166028,16.582034367166028,2.162874047891221,0.0,0,6.5,variable,0.0
s44-113-22,u022,2025-06-12,29.076091137891567,29.076091137891567,3.792533626681508,0.0,0,7.0,regular,0.0
s44-113-51,u051,2025-06-12,15.256976859565967,15.256976859565967,1.9900404599433865,0.0,0,8.25,regular,0.0
s44-113-0,u000,2025-06-12,16.3900647360578,16.3900647360578,2.137834530790147,0.0,0,6.5,regular,0.0
s44-113-3,u003,2025-06-12,16.630368218336947,16.630368218336947,2.169178463261341,0.0,0,7.75,variable,0.0
s44-113-39,u039,2025-06-12,31.161555319497477,31.161555319497477,4.0645506938474965,0.0,0,7.5,variable,0.0
s44-113-6,u006,2025-06-12,21.377410348571015,21.377410348571015,2.788357871552741,0.0,0,6.25,variable,0.0
s44-113-11,u011,2025-06-12,18.49469828817007,18.49469828817007,2.4123519506308786,0.0,0,6.75,variable,0.0
s44-113-37,u037,2025-06-12,19.241985072181492,19.241985072181492,2.509824139849759,0.0,0,8.25,variable,0.0
s44-113-4,u004,2025-06-12,15.097349881356724,15.097349881356724,1.9692195497421814,0.0,0,6.5,regular,0.0
s44-113-8,u008,2025-06-12,19.7444764860214,19.7444764860214,2.5753664981767037,0.0,0,6.75,regular,0.0
s44-113-46,u046,2025-06-12,16.719077177505795,16.719077177505795,2.1807491970659734,0.0,0,8.0,regular,0.0
s44-113-14,u014,2025-06-12,13.85968635767226,13.85968635767226,1.8077851770876863,0.0,0,9.5,variable,0.0
s44-113-52,u052,2025-06-12,25.28723705364672,25.28723705364672,3.298335267866963,0.0,0,9.0,regular,0.0
s44-113-57,u057,2025-06-12,17.348224715110018,17.348224715110018,2.262811919362176,0.0,0,7.75,new,0.0
s44-113-59,u059,2025-06-12,17.05229764407917,17.05229764407917,2.2242127361842394,0.0,0,8.75,new,0.0
s44-113-17,u017,2025-06-12,10.082544685027921,10.082544685027921,1.3151145241340767,0.0,0,10.25,variable,0.0
s44-113-28,u028,2025-06-12,22.221498476280576,22.221498476280576,3.0881408074827945,0.0,0,10.25,variable,0.0
s44-114-30,u030,2025-06-13,14.161087766922144,5.864370171336648,0.7649178484352147,0.5858813766386786,0,3.25,variable,0.0
s44-114-28,u028,2025-06-13,14.151285302067283,7.111753277392556,0.9276199927033768,0.4974482440578285,0,2.75,variable,0.0
s44-114-45,u045,2025-06-13,20.313941794261865,10.20880711881315,1.3315835372364977,0.49744824405783916,0,4.25,variable,0.0
s44-114-12,u012,2025-06-13,24.3836936353929,13.851131382151818,1.8066693107154546,0.4319510575687795,0,4.25,variable,0.0
s44-114-32,u032,2025-06-13,30.35807027316517,21.437849548722497,2.796241245485543,0.29383358837296214,0,4.75,regular,0.049939612746245254
s44-114-47,u047,2025-06-13,28.290139138634792,24.191889498017527,3.5700102563451965,0.14486495172519098,0,6.25,regular,0.0
s44-114-37,u037,2025-06-13,19.150583985221218,17.152389840365068,2.669725900345857,0.10434115985174053,0,5.25,variable,0.0
s44-114-57,u057,2025-06-13,19.377138946362823,17.35530579409099,2.701309253003842,0.10434115985174064,0,6.25,new,0.0
s44-114-23,u023,2025-06-13,23.22707256587267,21.839958913069903,3.5759820499098214,0.05971969342537131,0,6.25,variable,0.0
s44-114-29,u029,2025-06-13,13.965192157171941,13.7947959518665,2.366437648392286,0.01220149378452573,0,7.0,regular,0.0
s44-114-46,u046,2025-06-13,20.165679134785666,19.919627726161718,3.417126078386835,0.012201493784531725,0,8.0,regular,0.0
s44-114-0,u000,2025-06-13,11.021729376876918,11.021729376876918,1.9115130102012399,0.0,0,6.5,regular,0.0
s44-114-38,u038,2025-06-13,15.05614132684208,15.05614132684208,2.611206376566157,0.0,0,6.75,regular,0.0
s44-114-41,u041,2025-06-13,29.45014156465894,29.45014156465894,5.107576753900198,0.0,0,6.5,regular,0.0
s44-114-16,u016,2025-06-13,17.8187776483768,17.8187776483768,3.0903340243695285,0.0,0,7.25,regular,0.0
s44-114-25,u025,2025-06-13,24.674017595005534,24.674017595005534,4.27924729722887,0.0,0,8.25,variable,0.0
s44-114-9,u009,2025-06-13,27.089971252304174,27.089971252304174,4.698249314975597,0.0,0,7.25,variable,0.0
s44-114-2,u002,2025-06-13,13.019950520136193,13.019950520136193,2.2580671290687273,0.0,0,8.0,regular,0.0
s44-114-3,u003,2025-06-13,14.150503221995693,14.150503221995693,2.454140369884865,0.0,0,7.75,variable,0.0
s44-114-21,u021,2025-06-13,26.973661939278813,26.973661939278813,4.678077637967996,0.0,0,7.0,variable,0.0
s44-114-22,u022,2025-06-13,26.472581878251642,26.472581878251642,4.59117466448224,0.0,0,8.0,regular,0.0
s44-114-51,u051,2025-06-13,16.725419811238552,16.725419811238552,2.9007115378221817,0.0,0,8.75,regular,0.0
s44-114-1,u001,2025-06-13,24.90680689489171,24.90680689489171,4.319620251431648,0.0,0,8.25,regular,0.0
s44-114-54,u054,2025-06-13,13.35651117334528,13.35651117334528,2.3164372854509665,0.0,0,7.25,new,0.0
s44-114-36,u036,2025-06-13,29.77604342999185,29.77604342999185,5.2545793793451665,0.0,0,7.75,variable,0.0
s44-114-19,u019,2025-06-13,17.31762242553146,17.31762242553146,3.0034180154708725,0.0,0,10.5,variable,0.0
s44-114-49,u049,2025-06-13,15.850581833351091,15.850581833351091,2.7489872376358204,0.0,0,10.5,variable,0.0
s44-115-31,u031,2025-06-16,26.438569489929623,13.046983712415225,1.7017804842280726,0.5065170331025366,0,4.0,regular,0.08134212748343927
s44-115-3,u003,2025-06-16,10.077214060664993,7.05508241006693,0.9202281404435123,0.2998975344182212,0,3.75,variable,0.0
s44-115-18,u018,2025-06-16,15.89167002215163,11.682231321534024,1.523769302808786,0.2648833442142964,0,5.25,regular,0.0
s44-115-48,u048,2025-06-16,22.132033670945717,16.269626577922022,2.122125205815916,0.2648833442143046,0,4.25,regular,0.0
s44-115-13,u013,2025-06-16,23.664638724817905,18.324107820225887,2.390101020029464,0.2256755730224279,0,4.5,regular,0.0
s44-115-49,u049,2025-06-16,16.65881932558239,12.899330728404589,1.6825213993571202,0.2256755730224218,0,4.0,variable,0.0
s44-115-14,u014,2025-06-16,13.017896037982293,11.303624846431916,1.4743858495345978,0.1316857337428914,0,4.5,variable,0.0
s44-115-0,u000,2025-06-16,18.37511530175713,16.888926116662372,2.2029034065211786,0.08088053656744354,0,5.5,regular,0.0
s44-115-24,u024,2025-06-16,25.053372188416738,23.027042002993596,3.0035272177817727,0.08088053656744865,0,5.5,variable,0.0
s44-115-37,u037,2025-06-16,19.611629452206692,18.025430339150315,2.3511430877152586,0.08088053656744465,0,5.75,variable,0.0
s44-115-54,u054,2025-06-16,7.402314310630445,7.277765497378222,0.9492737605275938,0.016825658574556757,0,6.25,new,0.0
s44-115-8,u008,2025-06-16,22.455826158729987,22.077992094772675,2.879738099318175,0.016825658574597835,0,4.5,regular,0.0
s44-115-16,u016,2025-06-16,18.119221162344505,18.119221162344505,2.423024726832681,0.0,0,5.5,regular,0.0
s44-115-35,u035,2025-06-16,18.165987450931723,18.165987450931723,2.4292786310492995,0.0,0,5.75,regular,0.0
s44-115-19,u019,2025-06-16,12.20117798124597,12.20117798124597,1.6316239909077623,0.0,0,6.5,variable,0.0
s44-115-36,u036,2025-06-16,20.510095079958234,20.510095079958234,2.7427485476973965,0.0,0,6.75,variable,0.0
s44-115-58,u058,2025-06-16,13.63158980384285,13.63158980384285,1.8229083283885075,0.0,0,5.5,new,0.0
s44-115-7,u007,2025-06-16,13.859372569974944,13.859372569974944,1.8533689795246304,0.0,0,4.25,variable,0.0
s44-115-59,u059,2025-06-16,13.584428854705713,13.584428854705713,1.8166016474955309,0.0,0,6.75,new,0.0
s44-115-51,u051,2025-06-16,8.863033285904386,8.863033285904386,1.1852247187708511,0.0,0,6.0,regular,0.0
s44-115-21,u021,2025-06-16,21.920855881745794,21.920855881745794,2.931405017848644,0.0,0,7.0,variable,0.0
s44-115-4,u004,2025-06-16,7.533398802236158,7.533398802236158,1.0074170082345353,0.0,0,6.5,regular,0.0
s44-115-27,u027,2025-06-16,18.07920649557225,18.07920649557225,2.417673695121304,0.0,0,5.25,regular,0.0
s44-115-11,u011,2025-06-16,22.84910564977815,22.84910564977815,3.055536851135905,0.0,0,6.75,variable,0.0
s44-115-34,u034,2025-06-16,26.787426966571715,26.787426966571715,3.68603053257773,0.0,0,7.0,variable,0.0
s44-115-23,u023,2025-06-16,22.548365781050585,22.548365781050585,3.0153198831027694,0.0,0,7.5,variable,0.0
s44-116-10,u010,2025-06-17,17.277394854424617,4.2049579236786965,0.5484727726537431,0.7566208355421224,0,1.5,variable,0.47283719121187373
s44-116-26,u026,2025-06-17,16.347705242404423,10.284973499917625,1.3415182825979508,0.37086133207005945,0,5.5,regular,0.0
s44-116-3,u003,2025-06-17,18.483694856965236,12.311941197894791,1.6059053736384505,0.33390259397972777,0,4.0,variable,0.0
s44-116-17,u017,2025-06-17,12.952184126028083,10.622359745549032,1.385525184202047,0.17987888048913303,0,6.0,variable,0.0
s44-116-4,u004,2025-06-17,9.505168494538335,8.172455873884017,1.0659725052892193,0.14020925788113003,0,3.75,regular,0.0
s44-116-42,u042,2025-06-17,12.953776905169429,11.137537458537773,1.4527222772005788,0.14020925788113991,0,5.0,regular,0.0
s44-116-8,u008,2025-06-17,18.921277542926607,16.26833926046962,2.1219572948438628,0.1402092578811488,0,5.75,regular,0.0
s44-116-0,u000,2025-06-17,16.4751078476561,16.33536844593009,2.4137728290046714,0.0084818504994425,0,6.0,regular,0.0
s44-116-46,u046,2025-06-17,17.760206017727825,17.60956660544613,2.6020529346164816,0.008481850499444055,0,6.75,regular,0.0
s44-116-53,u053,2025-06-17,21.13786222261148,21.13786222261148,3.15537786412994,0.0,0,6.25,regular,0.0
s44-116-55,u055,2025-06-17,23.146461078908672,23.146461078908672,3.455213689642002,0.0,0,6.25,new,0.0
s44-116-11,u011,2025-06-17,17.668405248094988,17.668405248094988,2.637470820236444,0.0,0,5.5,variable,0.0
s44-116-13,u013,2025-06-17,30.263298005377855,30.263298005377855,4.517587427530302,0.0,0,6.75,regular,0.0
s44-116-41,u041,2025-06-17,27.988924820737054,27.988924820737054,4.1780778439211534,0.0,0,6.25,regular,0.0
s44-116-18,u018,2025-06-17,16.55168513925653,16.55168513925653,2.4707711854886907,0.0,0,6.5,regular,0.0
s44-116-19,u019,2025-06-17,12.071606741721165,12.071606741721165,1.8020025060321594,0.0,0,5.75,variable,0.0
s44-116-51,u051,2025-06-17,12.054537615059735,12.054537615059735,1.7994544931886514,0.0,0,8.0,regular,0.0
s44-116-43,u043,2025-06-17,20.892379250607345,20.892379250607345,3.1187331207909423,0.0,0,8.25,regular,0.0
s44-116-5,u005,2025-06-17,11.26261011105127,11.26261011105127,1.6812386353205375,0.0,0,6.5,regular,0.0
s44-116-54,u054,2025-06-17,13.765825292571922,13.765825292571922,2.054908862221493,0.0,0,7.5,new,0.0
s44-116-58,u058,2025-06-17,10.663765581113354,10.663765581113354,1.5918454528917065,0.0,0,7.25,new,0.0
s44-116-29,u029,2025-06-17,11.298212733690352,11.298212733690352,1.686553256363917,0.0,0,7.0,regular,0.0
s44-116-24,u024,2025-06-17,21.948700708123184,21.948700708123184,3.276416679769083,0.0,0,8.5,variable,0.0
s44-116-6,u006,2025-06-17,16.76051233360284,16.76051233360284,2.501944096898996,0.0,0,8.5,variable,0.0
s44-116-59,u059,2025-06-17,14.883996485985588,14.883996485985588,2.2218251092311387,0.0,0,7.75,new,0.0
s44-116-25,u025,2025-06-17,25.713229345130927,25.713229345130927,3.8383708738592985,0.0,0,9.0,variable,0.0
s44-116-33,u033,2025-06-17,22.36482054558025,22.36482054558025,3.3385334307493624,0.0,0,10.0,variable,0.0
s44-116-50,u050,2025-06-17,22.527457071685358,22.527457071685358,3.362811178847374,0.0,0,10.5,variable,0.0
s44-117-24,u024,2025-06-18,19.302867780092615,10.981016663380638,1.432306521310518,0.43111993572760454,0,3.5,variable,0.0
s44-117-21,u021,2025-06-18,23.652798204488263,14.129691285166354,1.8430032111086547,0.40262073167794754,0,4.75,variable,0.0
s44-117-26,u026,2025-06-18,18.823388225890366,11.244701885724364,1.4667002459640472,0.40262073167794543,0,5.0,regular,0.0
s44-117-23,u023,2025-06-18,22.15506012322958,15.954192047896928,2.3469920712111056,0.27988495814692194,0,6.75,variable,0.0
s44-117-41,u041,2025-06-18,33.199131716858616,24.968302551674935,3.8629573075305075,0.2479230250773108,0,6.25,regular,0.0
s44-117-32,u032,2025-06-18,21.21551874847797,16.678930405014096,2.7044128804741385,0.213833486574036,0,6.75,regular,0.0
s44-117-6,u006,2025-06-18,24.139731946667908,18.977848899549198,3.077172082461805,0.2138334865740389,0,7.5,variable,0.0
s44-117-33,u033,2025-06-18,23.133950149182194,19.05465546817447,3.231848204395982,0.17633368511222158,0,6.0,variable,0.0
s44-117-51,u051,2025-06-18,13.016818637465628,10.721515038684057,1.8184694645384416,0.17633368511220693,0,7.5,regular,0.0
s44-117-56,u056,2025-06-18,22.94724829966202,18.90087544379746,3.2057656705771533,0.17633368511222147,0,6.5,new,0.0
s44-117-8,u008,2025-06-18,22.1510347887925,18.245061195435717,3.094533425810239,0.1763336851122207,0,7.0,regular,0.0
s44-117-15,u015,2025-06-18,21.904772527161363,19.04299405199954,3.386468511174407,0.1306463452936245,0,6.5,regular,0.0
s44-117-7,u007,2025-06-18,11.33738401610145,9.856196229207468,1.7527547442920053,0.13064634529362207,0,6.5,variable,0.0
s44-117-40,u040,2025-06-18,15.24384277926805,14.01705736195636,2.6060721273552185,0.08047743833858911,0,7.25,variable,0.0
s44-117-44,u044,2025-06-18,22.65241108032273,20.829403064385463,3.872633560227222,0.08047743833859888,0,6.25,variable,0.0
s44-117-48,u048,2025-06-18,18.890871036198817,17.370582127220782,3.229564433441583,0.08047743833859466,0,6.75,regular,0.0
s44-117-11,u011,2025-06-18,23.93877511174402,23.93877511174402,4.720765797084326,0.0,0,8.0,variable,0.0
s44-117-16,u016,2025-06-18,22.281153264756203,22.281153264756203,4.393880044441074,0.0,0,7.25,regular,0.0
s44-117-18,u018,2025-06-18,13.048589244871797,13.048589244871797,2.573203245356227,0.0,0,7.0,regular,0.0
s44-117-49,u049,2025-06-18,16.586961716693565,16.586961716693565,3.2709761123617094,0.0,0,8.0,variable,0.0
s44-117-3,u003,2025-06-18,12.533274915940428,12.533274915940428,2.471582412735879,0.0,0,6.75,variable,0.0
s44-117-46,u046,2025-06-18,18.22520320816526,18.22520320816526,3.5940400270442128,0.0,0,7.25,regular,0.0
s44-117-27,u027,2025-06-18,29.027020521217672,29.027020521217672,5.724176154719154,0.0,0,7.25,regular,0.0
s44-117-36,u036,2025-06-18,22.278651107334696,22.278651107334696,4.3933866148850855,0.0,0,10.0,variable,0.0
s44-117-34,u034,2025-06-18,26.349023302811734,26.349023302811734,5.196070701774079,0.0,0,9.5,variable,0.0
s44-117-38,u038,2025-06-18,21.70030617913819,21.70030617913819,4.279336044494461,0.0,0,7.75,regular,0.0
s44-117-50,u050,2025-06-18,16.848550786626166,16.848550786626166,3.322561906892321,0.0,0,10.0,variable,0.0
s44-117-14,u014,2025-06-18,21.016650735267632,21.016650735267632,4.144518067327727,0.0,0,9.25,variable,0.0
s44-117-20,u020,2025-06-18,13.749361876363848,13.749361876363848,2.711396760055212,0.0,0,9.25,variable,0.0
s44-117-9,u009,2025-06-18,24.516545059550662,24.516545059550662,4.834702980397047,0.0,0,10.25,variable,0.0
s44-118-12,u012,2025-06-19,30.040637555244025,26.246054052080282,4.008277259950668,0.12631501232906905,0,6.25,variable,0.0
s44-118-25,u025,2025-06-19,26.37383465780372,23.04242340783848,3.51902124321327,0.1263150123290665,0,5.25,variable,0.0
s44-118-42,u042,2025-06-19,14.18969435933084,12.397322941386527,1.8933096583441238,0.12631501232904907,0,5.25,regular,0.0
s44-118-53,u053,2025-06-19,22.345119686582645,20.38220338657452,3.2617827218108566,0.08784541445919303,0,7.0,regular,0.0
s44-118-41,u041,2025-06-19,20.997049254067353,20.00331772037272,3.342423627584065,0.047327199249300955,0,6.5,regular,0.0
s44-118-31,u031,2025-06-19,24.138180289648652,24.02534291772641,4.178170307325362,0.004674642850796551,0,6.75,regular,0.0
s44-118-45,u045,2025-06-19,11.689681793313119,11.689681793313119,2.0412309555694703,0.0,0,7.5,variable,0.0
s44-118-34,u034,2025-06-19,22.350368678859404,22.350368678859404,3.902780693463844,0.0,0,6.5,variable,0.0
s44-118-35,u035,2025-06-19,15.291470633756227,15.291470633756227,2.6701687664124307,0.0,0,9.25,regular,0.0
s44-118-57,u057,2025-06-19,21.7636297308471,21.7636297308471,3.800325406425483,0.0,0,7.5,new,0.0
s44-118-58,u058,2025-06-19,13.337632467185864,13.337632467185864,2.328993102412925,0.0,0,8.0,new,0.0
s44-118-10,u010,2025-06-19,16.76949699488432,16.76949699488432,2.928259039084199,0.0,0,6.25,variable,0.0
s44-118-19,u019,2025-06-19,13.988997934201624,13.988997934201624,2.442733354557522,0.0,0,7.75,variable,0.0
s44-118-5,u005,2025-06-19,16.7034065723424,16.7034065723424,2.9167184498068743,0.0,0,8.0,regular,0.0
s44-118-13,u013,2025-06-19,26.956792817923393,26.956792817923393,4.707146091375579,0.0,0,8.5,regular,0.0
s44-118-27,u027,2025-06-19,18.415573355146066,18.415573355146066,3.2156938966967856,0.0,0,7.5,regular,0.0
s44-118-33,u033,2025-06-19,27.94107824789168,27.94107824789168,4.879020221423893,0.0,0,8.5,variable,0.0
s44-118-9,u009,2025-06-19,26.7362028283789,26.7362028283789,4.6686270689497915,0.0,0,9.0,variable,0.0
s44-118-16,u016,2025-06-19,16.795428198530804,16.795428198530804,2.9327870986613775,0.0,0,7.5,regular,0.0
s44-118-43,u043,2025-06-19,22.68720408206725,22.68720408206725,3.9615982784175143,0.0,0,8.5,regular,0.0
s44-118-59,u059,2025-06-19,16.050565361688125,16.050565361688125,2.8027205059944738,0.0,0,8.75,new,0.0
s44-118-22,u022,2025-06-19,29.563423029908392,29.563423029908392,5.162311114042839,0.0,0,9.0,regular,0.0
s44-118-1,u001,2025-06-19,27.481196320512307,27.481196320512307,4.7987164764057235,0.0,0,9.5,regular,0.0
s44-118-29,u029,2025-06-19,19.876259808845994,19.876259808845994,3.47075630629795,0.0,0,8.5,regular,0.0
s44-118-49,u049,2025-06-19,10.07023388134797,10.07023388134797,1.758445909125643,0.0,0,10.25,variable,0.0
s44-119-26,u026,2025-06-20,12.42665606961355,7.901049189753224,1.0305716334460724,0.36418541355840917,0,5.5,regular,0.0
s44-119-7,u007,2025-06-20,13.2160482246677,8.999275105252636,1.1738184919894739,0.3190645984133498,0,3.5,variable,0.0
s44-119-57,u057,2025-06-20,19.12994311295843,13.650623671771319,1.780516131100607,0.28642633220772495,0,4.75,new,0.0
s44-119-13,u013,2025-06-20,23.55385075559292,18.403537792071937,2.400461451139818,0.21866118695254222,0,5.75,regular,0.0
s44-119-53,u053,2025-06-20,23.49463870122053,18.357273115790512,2.394426928146589,0.21866118695254233,0,5.5,regular,0.0
s44-119-15,u015,2025-06-20,19.2127861408835,15.730027193257909,2.1922858311085966,0.18127297738533188,0,6.0,regular,0.0
s44-119-25,u025,2025-06-20,31.75523270602481,25.998867125839602,3.6234487915750675,0.18127297738533255,0,5.25,variable,0.0
s44-119-0,u000,2025-06-20,20.61296177157245,18.612322198915706,2.918118896256481,0.09705735618332378,0,6.0,regular,0.0
s44-119-24,u024,2025-06-20,24.93450226025283,22.514425393125503,3.5299072021149276,0.09705735618332689,0,6.25,variable,0.0
s44-119-31,u031,2025-06-20,27.42104562880576,24.759631436291464,3.881920137982404,0.09705735618332823,0,4.75,regular,0.0
s44-119-32,u032,2025-06-20,22.198201634437616,20.043702871774737,3.1425368353274874,0.097057356183325,0,5.75,regular,0.0
s44-119-1,u001,2025-06-20,20.542157316991403,19.68200579952176,3.2777526881173125,0.04187250171422696,0,8.0,regular,0.0
s44-119-17,u017,2025-06-20,15.710962009032354,15.710962009032354,2.7213950100814297,0.0,0,5.75,variable,0.0
s44-119-35,u035,2025-06-20,14.731368421839933,14.731368421839933,2.551713414609389,0.0,0,7.75,regular,0.0
s44-119-58,u058,2025-06-20,16.70070337593551,16.70070337593551,2.892834366602877,0.0,0,8.25,new,0.0
s44-119-38,u038,2025-06-20,16.580499499363043,16.580499499363043,2.872013093551063,0.0,0,6.5,regular,0.0
s44-119-39,u039,2025-06-20,28.019876825704284,28.019876825704284,4.853499927803883,0.0,0,8.75,variable,0.0
s44-119-55,u055,2025-06-20,26.173240285719263,26.173240285719263,4.533632343472629,0.0,0,8.5,new,0.0
s44-119-33,u033,2025-06-20,21.873372429998987,21.873372429998987,3.7888250605169818,0.0,0,8.0,variable,0.0
s44-119-51,u051,2025-06-20,18.072844312668877,18.072844312668877,3.130511569068765,0.0,0,7.0,regular,0.0
s44-119-59,u059,2025-06-20,14.226366585629378,14.226366585629378,2.4642388553586385,0.0,0,7.75,new,0.0
s44-119-10,u010,2025-06-20,19.05553473243144,19.05553473243144,3.300729586479744,0.0,0,8.0,variable,0.0
s44-119-49,u049,2025-06-20,12.067520833067775,12.067520833067775,2.0902915404087943,0.0,0,7.0,variable,0.0
s44-119-52,u052,2025-06-20,25.55690941175837,25.55690941175837,4.426873778084205,0.0,0,7.5,regular,0.0
s44-119-2,u002,2025-06-20,22.001009863256584,22.001009863256584,3.810933946896259,0.0,0,7.5,regular,0.0
s44-119-45,u045,2025-06-20,17.055383295001327,17.055383295001327,2.9542707166727777,0.0,0,10.5,variable,0.0
s44-119-14,u014,2025-06-20,20.229111094223313,20.229111094223313,3.504012164153459,0.0,0,8.75,variable,0.0
s44-120-21,u021,2025-06-23,21.01179926851871,15.773727992088268,2.0574427815767304,0.2492918959243282,0,4.0,variable,0.0
s44-120-25,u025,2025-06-23,24.386080906137956,21.03811275471764,2.7441016636588236,0.13729012727820622,0,6.25,variable,0.0
s44-120-42,u042,2025-06-23,12.79939159609159,11.042161494780734,1.4402819341018347,0.13729012727819367,0,5.5,regular,0.0
s44-120-27,u027,2025-06-23,23.47599116231758,22.1617326658786,3.2641144752006572,0.05598308873742286,0,6.75,regular,0.0
s44-120-36,u036,2025-06-23,26.220059319519198,25.881511972332035,4.013911809571263,0.012911768927049483,0,7.75,variable,0.0
s44-120-32,u032,2025-06-23,23.41786848900292,23.41786848900292,3.6835345704994116,0.0,0,6.0,regular,0.0
s44-120-34,u034,2025-06-23,26.03097888458471,26.03097888458471,4.094566107514714,0.0,0,6.25,variable,0.0
s44-120-9,u009,2025-06-23,23.621530791800847,23.621530791800847,3.715569814587318,0.0,0,6.5,variable,0.0
s44-120-10,u010,2025-06-23,14.944585868603248,14.944585868603248,2.3507220016479105,0.0,0,7.25,variable,0.0
s44-120-19,u019,2025-06-23,13.548109322556774,13.548109322556774,2.1310619742346755,0.0,0,6.75,variable,0.0
s44-120-20,u020,2025-06-23,17.345576695034218,17.345576695034218,2.7283880012995794,0.0,0,6.5,variable,0.0
s44-120-11,u011,2025-06-23,18.209481064238435,18.209481064238435,2.8642766117879175,0.0,0,7.0,variable,0.0
s44-120-2,u002,2025-06-23,22.96143837062963,22.96143837062963,3.611739986767989,0.0,0,8.0,regular,0.0
s44-120-26,u026,2025-06-23,15.06370059694458,15.06370059694458,2.369458259386611,0.0,0,7.25,regular,0.0
s44-120-33,u033,2025-06-23,20.744531788407144,20.744531788407144,3.263029682966463,0.0,0,8.25,variable,0.0
s44-120-14,u014,2025-06-23,14.350431045210277,14.350431045210277,2.2572638872501463,0.0,0,6.5,variable,0.0
s44-120-30,u030,2025-06-23,14.988759604781126,14.988759604781126,2.35767034899198,0.0,0,7.25,variable,0.0
s44-120-50,u050,2025-06-23,16.990808464178002,16.990808464178002,2.672584415098406,0.0,0,7.5,variable,0.0
s44-120-37,u037,2025-06-23,18.868854705032735,18.868854705032735,2.9679933784049353,0.0,0,7.75,variable,0.0
s44-120-51,u051,2025-06-23,15.742205980996236,15.742205980996236,2.476184370672015,0.0,0,8.5,regular,0.0
s44-120-24,u024,2025-06-23,23.502401443924963,23.502401443924963,3.696831257255853,0.0,0,8.25,variable,0.0
s44-120-59,u059,2025-06-23,14.632306037082305,14.632306037082305,2.30160166622467,0.0,0,8.5,new,0.0
s44-120-4,u004,2025-06-23,11.6529967969065,11.6529967969065,1.8329685543959948,0.0,0,10.0,regular,0.0
s44-120-44,u044,2025-06-23,22.2703954698815,22.2703954698815,3.5030417755794105,0.0,0,9.25,variable,0.0
s44-120-57,u057,2025-06-23,19.624324268211833,19.624324268211833,3.0868256390881466,0.0,0,9.75,new,0.0
s44-121-34,u034,2025-06-24,24.019248695749752,16.240940771104967,2.1183835788397776,0.32383643731625833,0,3.0,variable,0.24160825216721482
s44-121-9,u009,2025-06-24,29.28519500794613,21.252000000000006,2.772,0.27430908367748374,0,3.5,variable,0.27430908367748397
s44-121-55,u055,2025-06-24,24.489935553296757,24.489935553296757,3.1943394199952286,0.0,0,6.25,new,0.0
s44-121-3,u003,2025-06-24,12.718860565651298,12.718860565651298,1.658981812911039,0.0,0,5.0,variable,0.0
s44-121-35,u035,2025-06-24,18.071946230334255,18.071946230334255,2.357210377869685,0.0,0,8.0,regular,0.0
s44-121-21,u021,2025-06-24,26.469651623759095,26.469651623759095,3.4525632552729233,0.0,0,7.75,variable,0.0
s44-121-36,u036,2025-06-24,22.48734895118309,22.48734895118309,2.9331324718934457,0.0,0,8.0,variable,0.0
s44-121-48,u048,2025-06-24,19.971741814587457,19.971741814587457,2.6050098019027117,0.0,0,7.0,regular,0.0
s44-121-51,u051,2025-06-24,12.58334467238726,12.58334467238726,1.6413058268331207,0.0,0,7.75,regular,0.0
s44-121-8,u008,2025-06-24,23.974770117045807,23.974770117045807,3.1271439283103217,0.0,0,7.25,regular,0.0
s44-121-24,u024,2025-06-24,24.23337314625526,24.23337314625526,3.160874758207207,0.0,0,6.25,variable,0.0
s44-121-17,u017,2025-06-24,15.34548607846967,15.34548607846967,2.0015851406699565,0.0,0,7.5,variable,0.0
s44-121-20,u020,2025-06-24,14.004113388867028,14.004113388867028,1.8266234855043948,0.0,0,9.0,variable,0.0
s44-121-39,u039,2025-06-24,36.580102325834964,36.580102325834964,4.800294236685312,0.0,0,9.5,variable,0.0
s44-121-6,u006,2025-06-24,17.52855728205713,17.52855728205713,2.2863335585291904,0.0,0,8.0,variable,0.0
s44-121-1,u001,2025-06-24,28.893550858897335,28.893550858897335,3.768724025073564,0.0,0,8.75,regular,0.0
s44-121-49,u049,2025-06-24,10.81444939085996,10.81444939085996,1.4105803553295597,0.0,0,10.5,variable,0.0
s44-121-10,u010,2025-06-24,16.22339411230211,16.22339411230211,2.116094884213318,0.0,0,9.75,variable,0.0
s44-122-44,u044,2025-06-25,23.769368492026175,12.834656123410918,1.6740855813144675,0.4600337771819005,0,3.0,variable,0.2336355084018804
s44-122-34,u034,2025-06-25,22.024282352285475,13.459862260488684,1.7556342078898282,0.3888626178508856,0,3.0,variable,0.17291289184232084
s44-122-39,u039,2025-06-25,27.395724084678374,16.742551099189757,2.1838110129377943,0.3888626178508866,0,4.0,variable,0.11343828967880554
s44-122-50,u050,2025-06-25,16.657756251553906,10.84753936520285,1.4148964389395016,0.34879949007592503,0,4.0,variable,0.0
s44-122-28,u028,2025-06-25,19.78775165426593,13.710942655390467,1.788383824616147,0.30709951817923675,0,4.75,variable,0.0
s44-122-41,u041,2025-06-25,25.817591795346193,17.88902179444704,2.333350668840918,0.3070995181792414,0,4.75,regular,0.0
s44-122-13,u013,2025-06-25,22.36275918163644,18.645085146013813,2.431967627740932,0.1662439775622795,0,5.5,regular,0.0
s44-122-0,u000,2025-06-25,16.874285932595686,15.757894542093313,2.3858060966447683,0.0661593263834569,0,6.0,regular,0.0
s44-122-56,u056,2025-06-25,21.318079422551072,19.907689648165935,3.0141011037884886,0.06615932638346278,0,5.75,new,0.0
s44-122-29,u029,2025-06-25,13.122197283885388,12.98511626474166,2.0937031489918705,0.010446498873482812,0,6.25,regular,0.0
s44-122-47,u047,2025-06-25,25.706918135816295,25.438370844469485,4.101649616099779,0.010446498873494137,0,5.5,regular,0.0
s44-122-2,u002,2025-06-25,14.251218220498465,14.251218220498465,2.3223896117770293,0.0,0,7.5,regular,0.0
s44-122-22,u022,2025-06-25,28.13101279600187,28.13101279600187,4.584251737316874,0.0,0,6.25,regular,0.0
s44-122-37,u037,2025-06-25,18.275351119473605,18.275351119473605,2.9781654406495264,0.0,0,6.25,variable,0.0
s44-122-46,u046,2025-06-25,18.957084434256753,18.957084434256753,3.0892612321642074,0.0,0,6.75,regular,0.0
s44-122-48,u048,2025-06-25,17.749158558163792,17.749158558163792,2.8924166913655833,0.0,0,6.0,regular,0.0
s44-122-8,u008,2025-06-25,19.587513942296905,19.587513942296905,3.1919965154064682,0.0,0,6.0,regular,0.0
s44-122-27,u027,2025-06-25,26.109738544142473,26.109738544142473,4.254863312240429,0.0,0,6.25,regular,0.0
s44-122-54,u054,2025-06-25,10.596211959321685,10.596211959321685,1.7267669470614089,0.0,0,7.25,new,0.0
s44-122-24,u024,2025-06-25,28.343098700282845,28.343098700282845,4.618813421327721,0.0,0,8.0,variable,0.0
s44-122-31,u031,2025-06-25,25.825684608217497,25.825684608217497,4.208573661786008,0.0,0,5.5,regular,0.0
s44-122-58,u058,2025-06-25,6.4510062391431715,6.4510062391431715,0.9155889910239567,0.0,0,7.75,new,0.0
s44-122-40,u040,2025-06-25,17.515400649751903,17.515400649751903,2.8543233206960044,0.0,0,7.5,variable,0.0
s44-122-35,u035,2025-06-25,16.026566646530863,16.026566646530863,2.6117017728926286,0.0,0,7.25,regular,0.0
s44-122-6,u006,2025-06-25,21.354881404640707,21.354881404640707,3.4800080924684376,0.0,0,7.75,variable,0.0
s44-123-44,u044,2025-06-26,18.607405981485396,8.57395587085951,1.11834207011211,0.539218100610547,0,3.25,variable,0.0
s44-123-18,u018,2025-06-26,19.66854063671713,13.751616850026313,1.7936891543512583,0.3008318662771112,0,6.5,regular,0.0
s44-123-56,u056,2025-06-26,18.997045664403792,13.873636399002404,1.8096047476959658,0.2696950544789978,0,5.25,new,0.0
s44-123-37,u037,2025-06-26,17.4634179000564,13.880330454725147,1.9206995155024718,0.20517675668287594,0,6.75,variable,0.0
s44-123-5,u005,2025-06-26,11.597763799285605,9.218172238174272,1.2755704202742932,0.2051767566828624,0,6.5,regular,0.0
s44-123-53,u053,2025-06-26,28.03942806897982,22.28638915854346,3.0838932112413655,0.20517675668288604,0,6.75,regular,0.0
s44-123-16,u016,2025-06-26,19.449770226247235,16.162800887625004,2.3686249030704696,0.16899784935178852,0,6.5,regular,0.0
s44-123-52,u052,2025-06-26,23.02101581963816,19.130513656225776,2.803537045943557,0.16899784935178996,0,7.75,regular,0.0
s44-123-20,u020,2025-06-26,13.296217907400585,11.578022808739645,1.79168210481076,0.12922434865516186,0,6.25,variable,0.0
s44-123-12,u012,2025-06-26,26.22957827089092,23.91681221730766,3.8855776488998526,0.08817397022924778,0,7.5,variable,0.0
s44-123-13,u013,2025-06-26,23.34742095323078,22.312008672039042,3.7922823007521,0.044348036696038595,0,6.0,regular,0.0
s44-123-25,u025,2025-06-26,25.574594935766562,24.44041186106884,4.154038423262802,0.044348036696039594,0,5.5,variable,0.0
s44-123-7,u007,2025-06-26,11.71790238496466,11.198236419995782,1.9033191676913463,0.04434803669602727,0,7.0,variable,0.0
s44-123-8,u008,2025-06-26,18.16662299124183,17.360968928183198,2.9507740050658318,0.044348036696035376,0,6.5,regular,0.0
s44-123-45,u045,2025-06-26,15.502820009725871,15.502820009725871,2.742288152847015,0.0,0,7.5,variable,0.0
s44-123-4,u004,2025-06-26,14.110885689902865,14.110885689902865,2.4960694008782016,0.0,0,7.75,regular,0.0
s44-123-9,u009,2025-06-26,27.818634720161135,27.818634720161135,4.920828105700628,0.0,0,8.25,variable,0.0
s44-123-15,u015,2025-06-26,18.765573003962825,18.765573003962825,3.319435334853194,0.0,0,7.0,regular,0.0
s44-123-54,u054,2025-06-26,12.814463780556986,12.814463780556986,2.2667458042125492,0.0,0,7.75,new,0.0
s44-123-23,u023,2025-06-26,23.16350618828183,23.16350618828183,4.0973841248671885,0.0,0,9.25,variable,0.0
s44-123-33,u033,2025-06-26,22.23392226321168,22.23392226321168,3.932950364867545,0.0,0,7.0,variable,0.0
s44-123-28,u028,2025-06-26,15.947325653336208,15.947325653336208,2.8209165933231075,0.0,0,7.25,variable,0.0
s44-123-1,u001,2025-06-26,22.649774723655547,22.649774723655547,4.006510354268961,0.0,0,8.0,regular,0.0
s44-123-14,u014,2025-06-26,16.00593715108169,16.00593715108169,2.83128435968995,0.0,0,8.0,variable,0.0
s44-123-59,u059,2025-06-26,15.35180440518723,15.35180440518723,2.715575057877098,0.0,0,8.0,new,0.0
s44-123-36,u036,2025-06-26,28.099613448757395,28.099613448757395,4.970530330079688,0.0,0,9.75,variable,0.0
s44-123-40,u040,2025-06-26,10.492511060247718,10.492511060247718,1.856016438046882,0.0,0,10.25,variable,0.0
s44-123-55,u055,2025-06-26,28.587919937004738,28.587919937004738,5.056906685919399,0.0,0,10.5,new,0.0
s44-123-49,u049,2025-06-26,15.422394381143452,15.422394381143452,2.72806169286693,0.0,0,10.5,variable,0.0
s44-123-24,u024,2025-06-26,22.161063706685898,22.161063706685898,3.9200624414917424,0.0,0,10.5,variable,0.0
s44-124-28,u028,2025-06-27,12.142261656248262,7.951862112833013,1.0371994060216971,0.3451086512584679,0,2.5,variable,0.0
s44-124-9,u009,2025-06-27,28.3912733508882,28.3912733508882,3.7032095675071552,0.0,0,6.75,variable,0.0
s44-124-20,u020,2025-06-27,6.371345083755836,6.371345083755836,0.8310450109246742,0.0,0,7.0,variable,0.0
s44-124-30,u030,2025-06-27,11.722206273784135,11.722206273784135,1.5289834270153217,0.0,0,6.5,variable,0.0
s44-124-10,u010,2025-06-27,16.7154176384311,16.7154176384311,2.1802718658823173,0.0,0,7.25,variable,0.0
s44-124-8,u008,2025-06-27,17.40032207025742,17.40032207025742,2.269607226555315,0.0,0,6.0,regular,0.0
s44-124-42,u042,2025-06-27,8.378442835183126,8.378442835183126,1.0928403698064943,0.0,0,6.5,regular,0.0
s44-124-53,u053,2025-06-27,22.983170031465896,22.983170031465896,2.9978047867129423,0.0,0,7.0,regular,0.0
s44-124-56,u056,2025-06-27,26.445673319508423,26.445673319508423,3.4494356503706625,0.0,0,7.0,new,0.0
s44-124-13,u013,2025-06-27,20.465709711766443,20.465709711766443,2.6694403971869267,0.0,0,6.25,regular,0.0
s44-124-36,u036,2025-06-27,22.817720385874445,22.817720385874445,2.9762243981575356,0.0,0,8.5,variable,0.0
s44-124-40,u040,2025-06-27,12.233517014302702,12.233517014302702,1.595676132300352,0.0,0,7.75,variable,0.0
s44-124-35,u035,2025-06-27,14.501980999951838,14.501980999951838,1.891562739124153,0.0,0,7.75,regular,0.0
s44-124-22,u022,2025-06-27,20.614557337113386,20.614557337113386,2.688855304840876,0.0,0,8.0,regular,0.0
s44-124-46,u046,2025-06-27,19.717118118976536,19.717118118976536,2.571798015518678,0.0,0,8.0,regular,0.0
s44-124-4,u004,2025-06-27,18.20033349457392,18.20033349457392,2.37395654277051,0.0,0,9.25,regular,0.0
s44-124-33,u033,2025-06-27,24.8361909690227,24.8361909690227,3.239503169872526,0.0,0,10.0,variable,0.0
s44-124-18,u018,2025-06-27,11.398766296053989,11.398766296053989,1.486795603833129,0.0,0,7.75,regular,0.0
s44-124-25,u025,2025-06-27,26.422975389268718,26.422975389268718,3.446475050774179,0.0,0,9.0,variable,0.0
s44-125-28,u028,2025-06-30,24.306791340764455,6.072,0.7919999999999999,0.7501932725354512,0,1.0,variable,0.7501932725354512
s44-125-21,u021,2025-06-30,23.974527606855023,18.408518221683455,2.401111072393494,0.2321634643420496,0,4.75,variable,0.0
s44-125-44,u044,2025-06-30,22.507931383379972,18.16173469959319,2.368921917338242,0.1930962294916203,0,5.0,variable,0.0
s44-125-5,u005,2025-06-30,12.72642645202789,10.26900148923898,1.339434976857258,0.19309622949161298,0,6.25,regular,0.0
s44-125-50,u050,2025-06-30,15.580936383357932,13.934213343521598,1.8175060882854253,0.10568832317390153,0,5.75,variable,0.0
s44-125-23,u023,2025-06-30,21.00104374332073,19.750109761370414,2.5761012732222284,0.05956532433528061,0,6.25,variable,0.0
s44-125-26,u026,2025-06-30,13.208455181050924,12.421689264223726,1.6202203388117895,0.05956532433527173,0,6.0,regular,0.0
s44-125-54,u054,2025-06-30,14.538016080136476,14.41118702197602,2.0243329433794517,0.00872395913316848,0,6.25,new,0.0
s44-125-34,u034,2025-06-30,23.561864996495864,23.561864996495864,3.347878720719975,0.0,0,5.5,variable,0.0
s44-125-59,u059,2025-06-30,14.33301082589695,14.33301082589695,2.036561280484598,0.0,0,7.0,new,0.0
s44-125-20,u020,2025-06-30,11.210647004664494,11.210647004664494,1.592908140251223,0.0,0,8.0,variable,0.0
s44-125-32,u032,2025-06-30,23.09754103924478,23.09754103924478,3.281903455339556,0.0,0,5.25,regular,0.0
s44-125-45,u045,2025-06-30,15.302817789725403,15.302817789725403,2.1743600539641275,0.0,0,7.75,variable,0.0
s44-125-52,u052,2025-06-30,22.135954487028815,22.135954487028815,3.1452727108389347,0.0,0,7.0,regular,0.0
s44-125-30,u030,2025-06-30,13.094975710272573,13.094975710272573,1.8606502726030305,0.0,0,7.0,variable,0.0
s44-125-22,u022,2025-06-30,19.059767169010208,19.059767169010208,2.7081807376663956,0.0,0,7.75,regular,0.0
s44-125-24,u024,2025-06-30,24.571507679341483,24.571507679341483,3.4913377064128404,0.0,0,6.25,variable,0.0
s44-125-51,u051,2025-06-30,12.644502269489285,12.644502269489285,1.7966430114260312,0.0,0,7.0,regular,0.0
s44-125-10,u010,2025-06-30,25.339080085923367,25.339080085923367,3.600401200622215,0.0,0,7.5,variable,0.0
s44-125-1,u001,2025-06-30,19.530044164907867,19.530044164907867,2.775001863568105,0.0,0,8.0,regular,0.0
s44-125-19,u019,2025-06-30,15.939680342675551,15.939680342675551,2.2648511330600454,0.0,0,7.75,variable,0.0
s44-125-49,u049,2025-06-30,12.574432419252629,12.574432419252629,1.7866868657386568,0.0,0,7.75,variable,0.0
s44-125-39,u039,2025-06-30,27.224780936641018,27.224780936641018,3.8683382995191047,0.0,0,8.25,variable,0.0
s44-125-6,u006,2025-06-30,22.652222035696525,22.652222035696525,3.218628582313452,0.0,0,7.25,variable,0.0
s44-125-33,u033,2025-06-30,17.59402258300498,17.59402258300498,2.499914748949997,0.0,0,7.75,variable,0.0
s44-126-30,u030,2025-07-01,14.766776633235299,8.050278839644012,1.0500363703883493,0.4548384498804292,0,3.0,variable,0.0
s44-126-4,u004,2025-07-01,13.140072807908732,7.6433409614539345,0.9969575167113828,0.41831821838509375,0,3.0,regular,0.0
s44-126-12,u012,2025-07-01,23.397337529321533,21.074515368539526,2.748849830679069,0.0992772001460015,0,6.75,variable,0.0
s44-126-26,u026,2025-07-01,19.594664319987594,17.64936090849854,2.3020905532824187,0.09927720014599795,0,6.25,regular,0.0
s44-126-5,u005,2025-07-01,17.629592310494804,16.665789877342547,2.1737986796533764,0.05466958147288015,0,5.75,regular,0.0
s44-126-14,u014,2025-07-01,17.770709327132874,17.63034640442295,2.2996104005769067,0.007898554870604535,0,5.25,variable,0.0
s44-126-19,u019,2025-07-01,8.725239138761427,8.656322358664926,1.129085525043251,0.007898554870587104,0,5.5,variable,0.0
s44-126-29,u029,2025-07-01,13.81562903520675,13.706505531200321,1.7878050692869987,0.00789855487059965,0,7.0,regular,0.0
s44-126-39,u039,2025-07-01,25.03296092897398,25.03296092897398,3.3038539894149084,0.0,0,6.75,variable,0.0
s44-126-47,u047,2025-07-01,24.622507667511584,24.622507667511584,3.249682305561827,0.0,0,6.0,regular,0.0
s44-126-56,u056,2025-07-01,17.167269587500034,17.167269587500034,2.2657388502682188,0.0,0,5.75,new,0.0
s44-126-25,u025,2025-07-01,27.329849715768535,27.329849715768535,3.606997720714805,0.0,0,5.5,variable,0.0
s44-126-7,u007,2025-07-01,10.713924086010428,10.713924086010428,1.4140253298155891,0.0,0,5.0,variable,0.0
s44-126-18,u018,2025-07-01,15.670724581030182,15.670724581030182,2.0682246127797685,0.0,0,6.75,regular,0.0
s44-126-8,u008,2025-07-01,20.06071456562903,20.06071456562903,2.647616158400781,0.0,0,6.5,regular,0.0
s44-126-37,u037,2025-07-01,23.82353394426243,23.82353394426243,3.1442336320915154,0.0,0,7.5,variable,0.0
s44-126-22,u022,2025-07-01,28.675691542262022,28.675691542262022,3.7846221295970763,0.0,0,7.5,regular,0.0
s44-126-33,u033,2025-07-01,26.683870421041814,26.683870421041814,3.521741275182143,0.0,0,8.0,variable,0.0
s44-126-40,u040,2025-07-01,13.848043998254774,13.848043998254774,1.8276669523448894,0.0,0,8.25,variable,0.0
s44-126-11,u011,2025-07-01,19.31675248307771,19.31675248307771,2.549427929633735,0.0,0,9.75,variable,0.0
s44-126-9,u009,2025-07-01,23.051766081670486,23.051766081670486,3.042375592247119,0.0,0,7.75,variable,0.0
s44-126-1,u001,2025-07-01,21.90095615116569,21.90095615116569,2.890491522650065,0.0,0,8.25,regular,0.0
s44-126-23,u023,2025-07-01,25.296951523215,25.296951523215,3.3386955081799425,0.0,0,8.0,variable,0.0
s44-127-39,u039,2025-07-02,27.251701580586,11.931341344509628,1.5562619145012555,0.5621799501499949,0,3.75,variable,0.16445584387944223
s44-127-14,u014,2025-07-02,14.134510320320905,6.493721828978393,0.8470071950841381,0.5405768093966086,0,2.25,variable,0.03342955005958603
s44-127-37,u037,2025-07-02,16.7835856067473,8.755266671819705,1.1419913050199617,0.47834349125612763,0,3.0,variable,0.0
s44-127-55,u055,2025-07-02,23.050218062547494,12.750019833725473,1.6630460652685402,0.4468590362517225,0,3.5,new,0.07801306077313341
s44-127-10,u010,2025-07-02,21.98222456643859,12.900590896041138,1.6826857690488437,0.41313533318474305,0,4.75,variable,0.0
s44-127-31,u031,2025-07-02,29.829236825323523,17.505725130846788,2.28335545184958,0.41313533318474627,0,5.0,regular,0.0
s44-127-42,u042,2025-07-02,13.827892054974104,10.626000000002632,1.386000000000343,0.2315531566374719,0,5.5,regular,0.0
s44-127-5,u005,2025-07-02,17.505386310874638,14.834577364354274,1.9349448736114265,0.1525706944759747,0,6.25,regular,0.0
s44-127-24,u024,2025-07-02,30.789238284180456,27.54610296945635,3.592969952537785,0.10533340528890034,0,5.5,variable,0.0
s44-127-36,u036,2025-07-02,23.76510512608168,21.26184567610291,2.7732842186221194,0.10533340528889545,0,4.75,variable,0.0
s44-127-41,u041,2025-07-02,24.994730689341246,24.994730689341246,3.260182263827119,0.0,0,6.0,regular,0.0
s44-127-38,u038,2025-07-02,18.571203337293564,18.571203337293564,2.4223308700817685,0.0,0,6.5,regular,0.0
s44-127-8,u008,2025-07-02,22.11553993948357,22.11553993948357,2.8846356442804657,0.0,0,6.0,regular,0.0
s44-127-16,u016,2025-07-02,18.131154470905816,18.131154470905816,2.3649331918572805,0.0,0,6.5,regular,0.0
s44-127-1,u001,2025-07-02,30.479892746756004,30.479892746756004,4.009789446592224,0.0,0,6.75,regular,0.0
s44-127-33,u033,2025-07-02,26.226155518310946,26.226155518310946,3.4208028936927315,0.0,0,6.25,variable,0.0
s44-127-18,u018,2025-07-02,13.81836366290874,13.81836366290874,1.8023952603794002,0.0,0,6.25,regular,0.0
s44-127-51,u051,2025-07-02,13.087147679413246,13.087147679413246,1.7070192625321616,0.0,0,7.5,regular,0.0
s44-127-45,u045,2025-07-02,16.431999519796147,16.431999519796147,2.1433042851908013,0.0,0,7.75,variable,0.0
s44-127-3,u003,2025-07-02,14.263914394397895,14.263914394397895,1.8605105731823341,0.0,0,8.0,variable,0.0
s44-127-13,u013,2025-07-02,22.759436397307077,22.759436397307077,3.2635553469479577,0.0,0,6.75,regular,0.0
s44-127-19,u019,2025-07-02,14.98726971859288,14.98726971859288,1.9548612676425496,0.0,0,8.0,variable,0.0
s44-127-27,u027,2025-07-02,15.803053779070947,15.803053779070947,2.0612678842266448,0.0,0,7.25,regular,0.0
s44-127-9,u009,2025-07-02,26.461210553129185,26.461210553129185,3.451462246060328,0.0,0,9.5,variable,0.0
s44-127-6,u006,2025-07-02,17.35879756954221,17.35879756954221,2.2641909873315926,0.0,0,9.5,variable,0.0
s44-128-56,u056,2025-07-03,24.85825202600166,11.50463848251815,1.5006050194588891,0.5371903675896306,0,4.75,new,0.0
s44-128-17,u017,2025-07-03,15.097624583307956,7.426668980072344,0.9686959539224795,0.5080902337256866,0,3.5,variable,0.0
s44-128-34,u034,2025-07-03,31.750719787989787,16.576861572779286,2.1621993355799063,0.4779059598185945,0,2.75,variable,0.47409066277872913
s44-128-10,u010,2025-07-03,18.200099733141123,11.297761368870303,1.4736210481135175,0.37924728245868566,0,4.0,variable,0.0
s44-128-32,u032,2025-07-03,26.185999171628048,16.255030147322667,2.120221323563826,0.37924728245868755,0,4.75,regular,0.0
s44-128-53,u053,2025-07-03,21.122308992994967,13.11173070814895,1.710225744541167,0.37924728245868644,0,5.25,regular,0.0
s44-128-14,u014,2025-07-03,13.340844219312217,9.286143873363827,1.2112361573952815,0.3039313164363918,0,4.75,variable,0.0
s44-128-54,u054,2025-07-03,17.58007827834831,12.236941944154916,1.5961228622810755,0.3039313164364018,0,6.25,new,0.0
s44-128-44,u044,2025-07-03,24.311007830391137,17.904946605751146,2.3354278181414534,0.2635045519022782,0,5.5,variable,0.0
s44-128-5,u005,2025-07-03,17.4367089630336,12.842056781079052,1.6750508844885716,0.26350455190227484,0,6.0,regular,0.0
s44-128-22,u022,2025-07-03,26.286700852290526,22.899446734254262,3.448546688516088,0.1288580920469946,0,7.0,regular,0.0
s44-128-45,u045,2025-07-03,20.722080985875174,18.051873166792088,2.718525392918446,0.12885809204699006,0,6.5,variable,0.0
s44-128-9,u009,2025-07-03,23.826909383099427,20.75661930061664,3.12584716934917,0.12885809204699294,0,6.25,variable,0.0
s44-128-12,u012,2025-07-03,24.4006855277281,22.629484223674066,3.6488461127682057,0.0725881779854628,0,7.25,variable,0.0
s44-128-25,u025,2025-07-03,21.57504978950485,21.372313625066997,3.67087735843177,0.00939678779033326,0,6.25,variable,0.0
s44-128-59,u059,2025-07-03,15.052301788036804,14.910858502378593,2.5610672682139173,0.009396787790331596,0,6.5,new,0.0
s44-128-7,u007,2025-07-03,20.335233606710204,20.1441477318411,3.459929379240915,0.009396787790332928,0,6.0,variable,0.0
s44-128-11,u011,2025-07-03,19.81054814884918,19.81054814884918,3.4313598887195274,0.0,0,6.0,variable,0.0
s44-128-24,u024,2025-07-03,25.016823209835675,25.016823209835675,4.3331321809187076,0.0,0,6.0,variable,0.0
s44-128-40,u040,2025-07-03,19.291612055453914,19.291612055453914,3.341475626946146,0.0,0,6.0,variable,0.0
s44-128-16,u016,2025-07-03,19.826921003580093,19.826921003580093,3.4341958100966323,0.0,0,6.25,regular,0.0
s44-128-3,u003,2025-07-03,18.13553331805486,18.13553331805486,3.141232696871388,0.0,0,7.0,variable,0.0
s44-128-36,u036,2025-07-03,28.49314488373235,28.49314488373235,4.935261443696748,0.0,0,7.75,variable,0.0
s44-128-52,u052,2025-07-03,24.783395680963164,24.783395680963164,4.292700495057326,0.0,0,7.75,regular,0.0
s44-128-21,u021,2025-07-03,31.28705133749441,31.28705133749441,5.419190432750526,0.0,0,7.25,variable,0.0
s44-128-51,u051,2025-07-03,14.910811796406493,14.910811796406493,2.582682776973404,0.0,0,7.5,regular,0.0
s44-128-39,u039,2025-07-03,25.050551446896584,25.050551446896584,4.338974206030706,0.0,0,9.0,variable,0.0
s44-129-39,u039,2025-07-04,33.37287631895576,13.530560129447545,1.7648556690583757,0.594564160423829,0,2.75,variable,0.4996535557675156
s44-129-12,u012,2025-07-04,28.73555840033087,17.385833432960066,2.2677174042991393,0.394971443020231,0,3.75,variable,0.20760196538453835
s44-129-55,u055,2025-07-04,27.679867695655737,16.747110409293523,2.1844057055600246,0.3949714430202307,0,4.5,new,0.012856553346589417
s44-129-0,u000,2025-07-04,13.70146303360893,10.50564458986858,1.3703014682437278,0.23324651067562518,0,5.25,regular,0.0
s44-129-42,u042,2025-07-04,9.419287017006216,7.222271187237429,0.9420353722483603,0.2332465106756112,0,4.5,regular,0.0
s44-129-15,u015,2025-07-04,19.435967011666385,15.734136315908309,2.052278649901084,0.1904629027995398,0,6.0,regular,0.0
s44-129-53,u053,2025-07-04,22.17367064510285,17.950408968315543,2.3413576915194176,0.19046290279954314,0,4.75,regular,0.0
s44-129-36,u036,2025-07-04,26.834250115214306,23.008547487845448,3.0011148897189717,0.14256789777776524,0,6.5,variable,0.0
s44-129-41,u041,2025-07-04,29.7113487504684,26.993464218972044,3.520886637257223,0.09147630941707108,0,5.25,regular,0.0
s44-129-45,u045,2025-07-04,21.52775740547943,20.87694563309892,2.9734857099614302,0.030231285132136465,0,6.0,variable,0.0
s44-129-1,u001,2025-07-04,25.99456919591263,25.99456919591263,3.8467118489023093,0.0,0,7.0,regular,0.0
s44-129-29,u029,2025-07-04,12.70866885782245,12.70866885782245,1.8806461730801605,0.0,0,6.25,regular,0.0
s44-129-34,u034,2025-07-04,31.367071116624768,31.367071116624768,4.669301373839889,0.0,0,5.75,variable,0.0
s44-129-46,u046,2025-07-04,17.39676721568782,17.39676721568782,2.574397370343937,0.0,0,6.75,regular,0.0
s44-129-54,u054,2025-07-04,13.586652183006255,13.586652183006255,2.0105713445522966,0.0,0,6.5,new,0.0
s44-129-43,u043,2025-07-04,17.52784203831377,17.52784203831377,2.5937940015974874,0.0,0,6.75,regular,0.0
s44-129-51,u051,2025-07-04,14.952629180993796,14.952629180993796,2.21271048615088,0.0,0,6.75,regular,0.0
s44-129-9,u009,2025-07-04,24.96547079892984,24.96547079892984,3.694424462736179,0.0,0,7.75,variable,0.0
s44-129-7,u007,2025-07-04,12.95111287405628,12.95111287405628,1.9165233696943211,0.0,0,6.5,variable,0.0
s44-129-14,u014,2025-07-04,15.069080995739757,15.069080995739757,2.2299431847285476,0.0,0,6.5,variable,0.0
s44-129-40,u040,2025-07-04,20.1445427053792,20.1445427053792,2.9810169397877493,0.0,0,9.0,variable,0.0
s44-129-10,u010,2025-07-04,20.260425871213865,20.260425871213865,2.998165488922951,0.0,0,7.75,variable,0.0
s44-129-21,u021,2025-07-04,32.494057544535075,32.494057544535075,4.855229521309141,0.0,0,8.75,variable,0.0
s44-129-20,u020,2025-07-04,18.283956567331295,18.283956567331295,2.7056848621837175,0.0,0,10.5,variable,0.0
s44-130-25,u025,2025-07-07,31.97510211867191,20.328540285564273,2.6515487328996876,0.36423845621767725,0,6.0,variable,0.0
s44-130-30,u030,2025-07-07,19.983499082500426,13.296129081874998,1.734277706331521,0.3346445971757551,0,5.25,variable,0.0
s44-130-56,u056,2025-07-07,20.403097210596947,13.575310963418946,1.7706927343589927,0.3346445971757557,0,6.5,new,0.0
s44-130-10,u010,2025-07-07,19.374993866122587,13.507993658181338,1.7619122162845218,0.3028130098249874,0,5.75,variable,0.0
s44-130-21,u021,2025-07-07,27.830673018904893,20.322423295690843,2.8306021962175363,0.26978326101254635,0,5.75,variable,0.0
s44-130-26,u026,2025-07-07,13.902915325775501,11.123056384658836,1.730640446829621,0.19994791566937808,0,7.25,regular,0.0
s44-130-47,u047,2025-07-07,23.051212394910934,18.442170522896046,2.8694241160435885,0.19994791566939174,0,6.75,regular,0.0
s44-130-13,u013,2025-07-07,27.235355124199085,22.81880232116592,3.7258438571521326,0.16216248265876232,0,6.75,regular,0.0
s44-130-31,u031,2025-07-07,24.844471302390303,20.81563015565034,3.398766800141936,0.16216248265876143,0,5.5,regular,0.0
s44-130-8,u008,2025-07-07,20.254107760718735,16.969651362202548,2.7707970995142515,0.162162482658759,0,7.25,regular,0.0
s44-130-45,u045,2025-07-07,15.33454053188218,13.538266029512227,2.322926326313605,0.11713911470873883,0,5.75,variable,0.0
s44-130-29,u029,2025-07-07,15.572476385390228,14.479132542324638,2.5972747101859563,0.07021001772661806,0,7.5,regular,0.0
s44-130-32,u032,2025-07-07,16.76598844480404,16.4110004586547,3.0644292541204874,0.021173102159649515,0,6.5,regular,0.0
s44-130-18,u018,2025-07-07,19.50223568020713,19.50223568020713,3.699199787891321,0.0,0,6.75,regular,0.0
s44-130-19,u019,2025-07-07,13.130785979327621,13.130785979327621,2.490658071519052,0.0,0,6.5,variable,0.0
s44-130-33,u033,2025-07-07,20.47766703929364,20.47766703929364,3.8842203945439993,0.0,0,7.25,variable,0.0
s44-130-53,u053,2025-07-07,19.15726804709595,19.15726804709595,3.633766049105702,0.0,0,6.75,regular,0.0
s44-130-2,u002,2025-07-07,15.512166775476123,15.512166775476123,2.9423603009686534,0.0,0,8.25,regular,0.0
s44-130-34,u034,2025-07-07,27.748160943610053,27.748160943610053,5.263293540296649,0.0,0,8.25,variable,0.0
s44-130-1,u001,2025-07-07,24.950261822120382,24.950261822120382,4.732585779070059,0.0,0,9.5,regular,0.0
s44-130-58,u058,2025-07-07,9.410291141711706,9.410291141711706,1.7849516109962873,0.0,0,8.25,new,0.0
s44-130-38,u038,2025-07-07,18.20015784303345,18.20015784303345,3.452220613909777,0.0,0,8.0,regular,0.0
s44-130-17,u017,2025-07-07,12.04521268717789,12.04521268717789,2.284745654198795,0.0,0,10.5,variable,0.0
s44-130-46,u046,2025-07-07,23.44372356391284,23.44372356391284,4.446824387576488,0.0,0,8.25,regular,0.0
s44-130-48,u048,2025-07-07,19.73306532910915,19.73306532910915,3.7429837418061025,0.0,0,8.25,regular,0.0
s44-130-59,u059,2025-07-07,14.880483579318993,14.880483579318993,2.8225421230142906,0.0,0,9.0,new,0.0
s44-130-54,u054,2025-07-07,16.86698751474553,16.86698751474553,3.19934379114474,0.0,0,8.25,new,0.0
s44-130-6,u006,2025-07-07,23.901662699401452,23.901662699401452,4.533686652018603,0.0,0,10.25,variable,0.0
s44-130-11,u011,2025-07-07,24.379897577504185,24.379897577504185,4.6243986292836174,0.0,0,10.5,variable,0.0
s44-130-3,u003,2025-07-07,13.034017947931336,13.034017947931336,2.4723030333026332,0.0,0,10.5,variable,0.0
s44-130-4,u004,2025-07-07,13.570189782034333,13.570189782034333,2.574004539094613,0.0,0,10.25,regular,0.0
s44-131-21,u021,2025-07-08,27.422109079683107,15.971132017341452,2.083191132696711,0.4175819237341457,0,4.75,variable,0.0
s44-131-57,u057,2025-07-08,24.848472185403473,20.373755141607244,2.657446322818336,0.1800801679237557,0,5.25,new,0.0
s44-131-13,u013,2025-07-08,18.63935959132526,18.63935959132526,2.468789741240818,0.0,0,6.25,regular,0.0
s44-131-25,u025,2025-07-08,31.702595605268883,31.702595605268883,4.199019951169343,0.0,0,6.75,variable,0.0
s44-131-33,u033,2025-07-08,24.2374553852195,24.2374553852195,3.2102595003671817,0.0,0,6.5,variable,0.0
s44-131-16,u016,2025-07-08,14.237870558965813,14.237870558965813,1.8858109690339502,0.0,0,7.75,regular,0.0
s44-131-27,u027,2025-07-08,14.693371620451,14.693371620451,1.9461422450206154,0.0,0,6.0,regular,0.0
s44-131-42,u042,2025-07-08,18.17564901922983,18.17564901922983,2.407371112683058,0.0,0,6.0,regular,0.0
s44-131-6,u006,2025-07-08,25.057918914064757,25.057918914064757,3.31893018366781,0.0,0,6.75,variable,0.0
s44-131-19,u019,2025-07-08,15.683243741661464,15.683243741661464,2.077251156032882,0.0,0,7.5,variable,0.0
s44-131-5,u005,2025-07-08,18.309703829612832,18.309703829612832,2.4251267195222312,0.0,0,6.75,regular,0.0
s44-131-29,u029,2025-07-08,9.579775948576174,9.579775948576174,1.268844697659946,0.0,0,7.0,regular,0.0
s44-131-53,u053,2025-07-08,21.783897644587576,21.783897644587576,2.8852849136633965,0.0,0,6.5,regular,0.0
s44-131-51,u051,2025-07-08,9.7554099693518,9.7554099693518,1.2921074855566692,0.0,0,7.75,regular,0.0
s44-131-44,u044,2025-07-08,19.496821925055496,19.496821925055496,2.5823609292766356,0.0,0,8.25,variable,0.0
s44-131-30,u030,2025-07-08,17.526528879926516,17.526528879926516,2.3213949216614163,0.0,0,8.75,variable,0.0
s44-131-38,u038,2025-07-08,21.16958182375424,21.16958182375424,2.8039185668785462,0.0,0,8.0,regular,0.0
s44-131-49,u049,2025-07-08,12.069314086402207,12.069314086402207,1.59858490064166,0.0,0,8.0,variable,0.0
s44-131-9,u009,2025-07-08,23.00206456430015,23.00206456430015,3.0466315511253943,0.0,0,8.75,variable,0.0
s44-131-22,u022,2025-07-08,19.679060933411485,19.679060933411485,2.6064985501041535,0.0,0,7.25,regular,0.0
s44-131-4,u004,2025-07-08,12.040998650825376,12.040998650825376,1.5948345112289588,0.0,0,9.75,regular,0.0
s44-131-20,u020,2025-07-08,14.790867949301916,14.790867949301916,1.9590556681077371,0.0,0,10.5,variable,0.0
s44-131-12,u012,2025-07-08,24.3608378715693,24.3608378715693,3.226601554130173,0.0,0,10.5,variable,0.0
s44-132-37,u037,2025-07-09,18.240385143029293,5.644199399869082,0.7361999217220541,0.6905657772239497,0,1.0,variable,0.6671122921809323
s44-132-55,u055,2025-07-09,25.919819168083073,21.364043865129855,2.7866144171908505,0.17576416229643577,0,7.0,new,0.0
s44-132-11,u011,2025-07-09,17.60523898921197,16.496004482430546,2.410583485906488,0.06300593291923684,0,5.5,variable,0.0
s44-132-36,u036,2025-07-09,29.470452973096403,28.766175641720746,4.411045541156267,0.023897743683091388,0,6.25,variable,0.0
s44-132-50,u050,2025-07-09,18.22860305834567,17.792980574756694,2.728400486936122,0.023897743683081285,0,5.5,variable,0.0
s44-132-56,u056,2025-07-09,23.729870817145,23.162780446724092,3.5518130975366686,0.02389774368308739,0,7.0,new,0.0
s44-132-26,u026,2025-07-09,14.739948721736928,14.739948721736928,2.3210942049525207,0.0,0,7.0,regular,0.0
s44-132-41,u041,2025-07-09,24.619638396941024,24.619638396941024,3.8768452380635625,0.0,0,7.25,regular,0.0
s44-132-53,u053,2025-07-09,22.94973840075552,22.94973840075552,3.6138867110586084,0.0,0,7.5,regular,0.0
s44-132-23,u023,2025-07-09,24.419874088576304,24.419874088576304,3.8453884272391177,0.0,0,7.5,variable,0.0
s44-132-31,u031,2025-07-09,28.539058816187442,28.539058816187442,4.49403490361985,0.0,0,6.75,regular,0.0
s44-132-10,u010,2025-07-09,24.462696157413873,24.462696157413873,3.852131602381671,0.0,0,8.0,variable,0.0
s44-132-54,u054,2025-07-09,14.615956593115218,14.615956593115218,2.3015692108947614,0.0,0,8.0,new,0.0
s44-132-28,u028,2025-07-09,12.28041050681558,12.28041050681558,1.9337916433707036,0.0,0,8.0,variable,0.0
s44-132-58,u058,2025-07-09,11.24513604766905,11.24513604766905,1.7707673620096174,0.0,0,8.5,new,0.0
s44-132-33,u033,2025-07-09,17.435398819510073,17.435398819510073,2.7455457223756325,0.0,0,9.25,variable,0.0
s44-132-39,u039,2025-07-09,28.04897432363157,28.04897432363157,4.41686148211866,0.0,0,9.25,variable,0.0
s44-132-25,u025,2025-07-09,33.16925303865059,33.16925303865059,5.223149853776725,0.0,0,9.0,variable,0.0
s44-132-29,u029,2025-07-09,17.313030664689578,17.313030664689578,2.7262764548641556,0.0,0,8.25,regular,0.0
s44-132-15,u015,2025-07-09,21.735793969472976,21.735793969472976,3.4227273360989687,0.0,0,8.25,regular,0.0
s44-132-2,u002,2025-07-09,27.49784616435934,27.49784616435934,4.330075537281111,0.0,0,8.75,regular,0.0
s44-132-22,u022,2025-07-09,25.867451849310427,25.867451849310427,4.07333795508946,0.0,0,8.75,regular,0.0
s44-132-59,u059,2025-07-09,14.363344164875773,14.363344164875773,2.2617904264257955,0.0,0,9.0,new,0.0
s44-133-16,u016,2025-07-10,22.09244088075914,19.443164268672106,2.536064904609405,0.11991778664866104,0,5.75,regular,0.0
s44-133-17,u017,2025-07-10,13.076463417305142,11.50836286710981,1.5010908087534531,0.11991778664865438,0,4.0,variable,0.0
s44-133-42,u042,2025-07-10,11.565597308567064,10.178676478054092,1.3276534536592293,0.11991778664865227,0,5.5,regular,0.0
s44-133-47,u047,2025-07-10,31.21646437077919,28.896124735071403,3.7690597480527903,0.07433063553090236,0,5.0,regular,0.027436302862693718
s44-133-39,u039,2025-07-10,26.457084443015027,25.852301987296144,3.3720393896473224,0.02285899858019136,0,6.0,variable,0.0
s44-133-32,u032,2025-07-10,23.41676542243421,23.41676542243421,3.0543607072740273,0.0,0,4.75,regular,0.0
s44-133-10,u010,2025-07-10,21.773610939877294,21.773610939877294,2.8400362095492113,0.0,0,5.25,variable,0.0
s44-133-49,u049,2025-07-10,13.71622275153727,13.71622275153727,1.7890725328092087,0.0,0,7.25,variable,0.0
s44-133-29,u029,2025-07-10,17.333128163099733,17.333128163099733,2.260842803882573,0.0,0,7.5,regular,0.0
s44-133-8,u008,2025-07-10,16.679471051886843,16.679471051886843,2.175583180680892,0.0,0,5.5,regular,0.0
s44-133-7,u007,2025-07-10,7.026512657406196,7.026512657406196,0.9165016509660252,0.0,0,6.25,variable,0.0
s44-133-21,u021,2025-07-10,27.513578196382824,27.513578196382824,3.5887275908325407,0.0,0,5.75,variable,0.0
s44-133-41,u041,2025-07-10,27.852997616504105,27.852997616504105,3.6329996891092295,0.0,0,5.75,regular,0.0
s44-133-44,u044,2025-07-10,25.96551076198234,25.96551076198234,3.386805751562914,0.0,0,7.75,variable,0.0
s44-133-54,u054,2025-07-10,13.541231719773373,13.541231719773373,1.766247615622614,0.0,0,7.0,new,0.0
s44-133-52,u052,2025-07-10,19.204105820812526,19.204105820812526,2.5048833679320683,0.0,0,7.5,regular,0.0
s44-133-11,u011,2025-07-10,24.570661289599535,24.570661289599535,3.2048688638608076,0.0,0,7.0,variable,0.0
s44-133-33,u033,2025-07-10,17.191822655978,17.191822655978,2.242411650779739,0.0,0,8.0,variable,0.0
s44-133-1,u001,2025-07-10,24.799008165683357,24.799008165683357,3.234653239002176,0.0,0,8.5,regular,0.0
s44-133-20,u020,2025-07-10,14.729683779579279,14.729683779579279,1.921263101684253,0.0,0,8.5,variable,0.0
s44-134-44,u044,2025-07-11,19.285597505467955,5.687143601166402,0.7418013392825741,0.7051092868886248,0,1.25,variable,0.6064420613440655
s44-134-37,u037,2025-07-11,21.073847185446134,9.278786516932351,1.2102765022085675,0.5597013475859121,0,3.5,variable,0.0
s44-134-26,u026,2025-07-11,16.00667936679869,11.410369143389484,1.4883090187029762,0.2871495154043596,0,6.25,regular,0.0
s44-134-53,u053,2025-07-11,21.45462593825852,16.97143065057869,2.2136648674667856,0.20896170833187377,0,5.75,regular,0.0
s44-134-55,u055,2025-07-11,29.505024698356305,23.339604333013558,3.0442962173495953,0.20896170833187666,0,4.75,new,0.022471585946282624
s44-134-10,u010,2025-07-11,19.350057674523022,16.163512807150358,2.1082842791935246,0.16467883047026688,0,5.0,variable,0.0
s44-134-14,u014,2025-07-11,15.716583257253923,13.128394707460815,1.7123993096688015,0.164678830470264,0,5.0,variable,0.0
s44-134-0,u000,2025-07-11,16.284611584476306,14.398392437625537,1.8780511875163746,0.1158283166329157,0,5.5,regular,0.0
s44-134-31,u031,2025-07-11,25.87237710366395,22.875623216454443,2.9837769412766675,0.11582831663292037,0,5.5,regular,0.0
s44-134-20,u020,2025-07-11,11.355081221669852,11.354286925327617,1.7381680950675977,6.99507407062594e-05,0,5.75,variable,0.0
s44-134-46,u046,2025-07-11,20.760490734585144,20.760490734585144,3.178365622953337,0.0,0,7.0,regular,0.0
s44-134-11,u011,2025-07-11,21.62636699080052,21.62636699080052,3.3109285455581396,0.0,0,6.5,variable,0.0
s44-134-30,u030,2025-07-11,17.30147576211543,17.30147576211543,2.6488013453872146,0.0,0,6.75,variable,0.0
s44-134-39,u039,2025-07-11,31.906251029843812,31.906251029843812,4.892697024296372,0.0,0,7.0,variable,0.0
s44-134-49,u049,2025-07-11,9.894542452738694,9.894542452738694,1.5148232278655265,0.0,0,6.5,variable,0.0
s44-134-41,u041,2025-07-11,30.464391304629647,30.464391304629647,4.66400218013771,0.0,0,6.5,regular,0.0
s44-134-45,u045,2025-07-11,20.04133900832722,20.04133900832722,3.068265762904367,0.0,0,7.0,variable,0.0
s44-134-16,u016,2025-07-11,23.244367006843817,23.244367006843817,3.55863924251016,0.0,0,6.75,regular,0.0
s44-134-2,u002,2025-07-11,16.3318548621208,16.3318548621208,2.500355445179951,0.0,0,8.0,regular,0.0
s44-134-57,u057,2025-07-11,23.193898966381717,23.193898966381717,3.5509127447643554,0.0,0,7.5,new,0.0
s44-134-29,u029,2025-07-11,16.555515619534816,16.555515619534816,2.5345972013916276,0.0,0,7.25,regular,0.0
s44-134-54,u054,2025-07-11,13.10890701346347,13.10890701346347,2.006932299373533,0.0,0,7.75,new,0.0
s44-134-51,u051,2025-07-11,21.647938472417827,21.647938472417827,3.3142310713262026,0.0,0,8.25,regular,0.0
s44-134-25,u025,2025-07-11,29.275636875406406,29.275636875406406,4.482007628068553,0.0,0,9.75,variable,0.0
s44-135-23,u023,2025-07-14,24.14360986721473,13.380635613024502,1.7453002973510219,0.44578976853024643,0,3.75,variable,0.05689330944168358
s44-135-39,u039,2025-07-14,27.770294458748502,18.067407108812613,2.3566183185407756,0.3493980722584372,0,4.75,variable,0.0
s44-135-32,u032,2025-07-14,18.27458000989067,12.509172323865446,1.6316311726781016,0.31548783517349444,0,5.5,regular,0.0
s44-135-40,u040,2025-07-14,16.639017540742643,11.389609917399975,1.4856012935739094,0.31548783517349266,0,4.0,variable,0.0
s44-135-47,u047,2025-07-14,25.99103381161066,17.791178820464367,2.3205885417997005,0.3154878351735001,0,6.0,regular,0.0
s44-135-7,u007,2025-07-14,15.409433535774847,11.142735162470865,1.4534002385831557,0.2768887229630038,0,6.25,variable,0.0
s44-135-1,u001,2025-07-14,24.138011856904978,18.41995121986238,2.4026023330255275,0.23689029034124343,0,7.0,regular,0.0
s44-135-13,u013,2025-07-14,27.10337164546168,20.682846067141618,2.6977625304967323,0.2368902903412442,0,5.75,regular,0.0
s44-135-45,u045,2025-07-14,16.457870370669763,12.559160680163307,1.6381513930647789,0.23689029034124032,0,5.75,variable,0.0
s44-135-0,u000,2025-07-14,13.469608493689954,10.92221830213225,1.4246371698433364,0.18912132396060866,0,5.25,regular,0.0
s44-135-14,u014,2025-07-14,16.758958654165717,13.589482205288759,1.7725411572115768,0.18912132396061088,0,6.0,variable,0.0
s44-135-42,u042,2025-07-14,11.954154943827094,10.324299352725914,1.4700905714066568,0.13634218384820307,0,5.5,regular,0.0
s44-135-10,u010,2025-07-14,17.491304450432985,17.040213980680978,2.7815929903368257,0.025789412735357176,0,6.0,variable,0.0
s44-135-41,u041,2025-07-14,20.078981300882177,20.078981300882177,3.3619599902591744,0.0,0,6.0,regular,0.0
s44-135-29,u029,2025-07-14,14.790236667777728,14.790236667777728,2.4764296145516145,0.0,0,6.75,regular,0.0
s44-135-48,u048,2025-07-14,24.293054980984202,24.293054980984202,4.0675509212037095,0.0,0,6.5,regular,0.0
s44-135-34,u034,2025-07-14,33.22227441510688,33.22227441510688,5.576129447360044,0.0,0,7.75,variable,0.0
s44-135-4,u004,2025-07-14,13.38433953615178,13.38433953615178,2.2410307247314942,0.0,0,7.0,regular,0.0
s44-135-43,u043,2025-07-14,23.37714170652419,23.37714170652419,3.9141933510591245,0.0,0,7.25,regular,0.0
s44-135-24,u024,2025-07-14,18.384927581543295,18.384927581543295,3.0783130890333195,0.0,0,6.25,variable,0.0
s44-135-18,u018,2025-07-14,13.813470366584285,13.813470366584285,2.3128830095103736,0.0,0,6.5,regular,0.0
s44-135-37,u037,2025-07-14,18.30918835608956,18.30918835608956,3.065631556944962,0.0,0,7.5,variable,0.0
s44-135-3,u003,2025-07-14,17.25045996522307,17.25045996522307,2.888361483463282,0.0,0,9.0,variable,0.0
s44-135-35,u035,2025-07-14,8.712954929354073,8.712954929354073,1.458869124407845,0.0,0,7.75,regular,0.0
s44-135-52,u052,2025-07-14,14.540828387060568,14.540828387060568,2.4346694949297296,0.0,0,7.25,regular,0.0
s44-135-25,u025,2025-07-14,25.64641634139102,25.64641634139102,4.294153390615372,0.0,0,7.25,variable,0.0
s44-135-12,u012,2025-07-14,29.302021902655042,29.302021902655042,4.906236217576255,0.0,0,9.0,variable,0.0
s44-135-11,u011,2025-07-14,22.57707876130017,22.57707876130017,3.780233387093526,0.0,0,10.0,variable,0.0
s44-136-30,u030,2025-07-15,15.406986373165198,11.907930562906818,1.5532083342921934,0.22710838612493278,0,4.5,variable,0.0
s44-136-16,u016,2025-07-15,21.751716227615834,18.421352025243337,2.402785046770869,0.15310811190816698,0,6.75,regular,0.0
s44-136-9,u009,2025-07-15,21.147665711500153,18.73113375425911,2.6038897266426315,0.11426944184799215,0,6.25,variable,0.0
s44-136-32,u032,2025-07-15,23.345815181375606,21.63084955830754,3.1852241281006473,0.07345923069056937,0,6.25,regular,0.0
s44-136-26,u026,2025-07-15,13.714597461675798,13.300055894153592,2.0645175296447857,0.030226302206871503,0,6.0,regular,0.0
s44-136-28,u028,2025-07-15,15.326865205461683,14.863590745877373,2.3072191494938594,0.030226302206874278,0,5.75,variable,0.0
s44-136-53,u053,2025-07-15,27.807869999810546,26.967340917466494,4.186038652400699,0.03022630220688527,0,6.75,regular,0.0
s44-136-10,u010,2025-07-15,17.86072334507357,17.86072334507357,2.86469423322926,0.0,0,5.75,variable,0.0
s44-136-56,u056,2025-07-15,25.39295208335013,25.39295208335013,4.072793805291478,0.0,0,5.75,new,0.0
s44-136-38,u038,2025-07-15,16.1280173894863,16.1280173894863,2.586784281714218,0.0,0,7.5,regular,0.0
s44-136-5,u005,2025-07-15,20.16391100867917,20.16391100867917,3.2341041552409435,0.0,0,7.0,regular,0.0
s44-136-15,u015,2025-07-15,19.64393353914066,19.64393353914066,3.1507045957932562,0.0,0,6.5,regular,0.0
s44-136-19,u019,2025-07-15,13.063637053372886,13.063637053372886,2.095286120767295,0.0,0,8.0,variable,0.0
s44-136-29,u029,2025-07-15,14.897292262504912,14.897292262504912,2.3893873954942393,0.0,0,7.75,regular,0.0
s44-136-31,u031,2025-07-15,26.474860290895705,26.474860290895705,4.246321839019972,0.0,0,6.25,regular,0.0
s44-136-4,u004,2025-07-15,13.65380656152135,13.65380656152135,2.1899438316537374,0.0,0,7.75,regular,0.0
s44-136-34,u034,2025-07-15,26.414540297034517,26.414540297034517,4.236647071922131,0.0,0,8.25,variable,0.0
s44-136-45,u045,2025-07-15,19.885217279649616,19.885217279649616,3.1894042680659727,0.0,0,8.5,variable,0.0
s44-136-54,u054,2025-07-15,13.977221940313047,13.977221940313047,2.2418166563239543,0.0,0,7.75,new,0.0
s44-136-24,u024,2025-07-15,31.250147491450345,31.250147491450345,5.012233579611144,0.0,0,8.5,variable,0.0
s44-136-3,u003,2025-07-15,12.955714691442484,12.955714691442484,2.077976375697884,0.0,0,7.25,variable,0.0
s44-136-50,u050,2025-07-15,12.944234145316845,12.944234145316845,2.076135002666958,0.0,0,8.25,variable,0.0
s44-136-21,u021,2025-07-15,31.13006304633638,31.13006304633638,4.992973149293053,0.0,0,9.75,variable,0.0
s44-136-11,u011,2025-07-15,20.57019774802635,20.57019774802635,3.2992687768947713,0.0,0,9.75,variable,0.0
s44-137-21,u021,2025-07-16,28.64694118692829,10.626000000000001,1.386,0.629070345393501,0,1.75,variable,0.6290703453935012
s44-137-3,u003,2025-07-16,11.01082169256258,5.079980262803412,0.6626061212352274,0.5386374963973162,0,3.25,variable,0.0
s44-137-7,u007,2025-07-16,16.12473751757284,7.439349271043396,0.9703499049187034,0.5386374963973245,0,2.75,variable,0.0
s44-137-28,u028,2025-07-16,16.62862301746477,8.302116054308005,1.0828847027358264,0.5007334013412639,0,3.0,variable,0.0
s44-137-9,u009,2025-07-16,26.69035209918396,17.544015410057153,2.288349836094411,0.3426832533020968,0,4.0,variable,0.09000825804982215
s44-137-0,u000,2025-07-16,18.091596323585854,12.659001532843261,1.6511741129795556,0.30028277735006537,0,4.75,regular,0.0
s44-137-47,u047,2025-07-16,30.568002459622974,24.116270691981722,3.145600525041094,0.21106160849611588,0,5.25,regular,0.0
s44-137-15,u015,2025-07-16,23.444693167568836,19.64330767993659,2.5621705669482506,0.16214268450698777,0,6.0,regular,0.0
s44-137-26,u026,2025-07-16,15.847874273473995,14.95281590290207,1.9503672916828791,0.05647813423596271,0,4.75,regular,0.0
s44-137-27,u027,2025-07-16,15.996063102220429,15.09263530308629,1.9686046047503858,0.05647813423596293,0,6.0,regular,0.0
s44-137-29,u029,2025-07-16,13.92460995477384,13.92460995477384,1.8162534723618053,0.0,0,6.25,regular,0.0
s44-137-16,u016,2025-07-16,18.151149780288442,18.151149780288442,2.367541275689797,0.0,0,6.25,regular,0.0
s44-137-48,u048,2025-07-16,16.87516610995879,16.87516610995879,2.201108623038103,0.0,0,6.5,regular,0.0
s44-137-45,u045,2025-07-16,24.316577867755573,24.316577867755573,3.1717275479681177,0.0,0,6.0,variable,0.0
s44-137-35,u035,2025-07-16,16.592221528920692,16.592221528920692,2.16420280812009,0.0,0,7.25,regular,0.0
s44-137-39,u039,2025-07-16,23.376992653520226,23.376992653520226,3.049172954806986,0.0,0,6.0,variable,0.0
s44-137-51,u051,2025-07-16,12.952316051377533,12.952316051377533,1.689432528440548,0.0,0,7.25,regular,0.0
s44-137-54,u054,2025-07-16,7.128748284238909,7.128748284238909,0.929836732726814,0.0,0,7.5,new,0.0
s44-137-58,u058,2025-07-16,15.999018853246021,15.999018853246021,2.0868285460755684,0.0,0,6.75,new,0.0
s44-137-2,u002,2025-07-16,17.769554115884105,17.769554115884105,2.317767928158796,0.0,0,6.75,regular,0.0
s44-137-24,u024,2025-07-16,21.975887279594296,21.975887279594296,2.866420079947082,0.0,0,8.0,variable,0.0
s44-137-59,u059,2025-07-16,20.5134885676758,20.5134885676758,2.6756724218707566,0.0,0,6.75,new,0.0
s44-137-43,u043,2025-07-16,21.56707364945074,21.56707364945074,2.8130965629718356,0.0,0,7.5,regular,0.0
s44-137-37,u037,2025-07-16,19.15269962586707,19.15269962586707,2.4981782120696177,0.0,0,8.5,variable,0.0
s44-137-49,u049,2025-07-16,10.931412439407273,10.931412439407273,1.4258364051400794,0.0,0,8.25,variable,0.0
s44-137-12,u012,2025-07-16,26.425597317264298,26.425597317264298,3.5680426034557464,0.0,0,9.0,variable,0.0
s44-138-34,u034,2025-07-17,26.790055524767375,26.790055524767375,3.4943550684479177,0.0,0,7.0,variable,0.0
s44-138-8,u008,2025-07-17,14.427473979666129,14.427473979666129,1.881844432130364,0.0,0,6.0,regular,0.0
s44-138-24,u024,2025-07-17,20.62731326313032,20.62731326313032,2.690519121277867,0.0,0,7.5,variable,0.0
s44-138-20,u020,2025-07-17,19.925762338023723,19.925762338023723,2.5990124788726594,0.0,0,5.5,variable,0.0
s44-138-32,u032,2025-07-17,22.965557713013357,22.965557713013357,2.9955075277843504,0.0,0,5.75,regular,0.0
s44-138-47,u047,2025-07-17,23.154773483421714,23.154773483421714,3.020187845663701,0.0,0,6.25,regular,0.0
s44-138-56,u056,2025-07-17,17.39055798828352,17.39055798828352,2.2683336506456753,0.0,0,6.5,new,0.0
s44-138-46,u046,2025-07-17,19.93364937991111,19.93364937991111,2.6000412234666657,0.0,0,7.75,regular,0.0
s44-138-48,u048,2025-07-17,20.173123915119543,20.173123915119543,2.6312770324068975,0.0,0,7.0,regular,0.0
s44-138-16,u016,2025-07-17,24.606387371073055,24.606387371073055,3.2095287875312675,0.0,0,7.0,regular,0.0
s44-138-26,u026,2025-07-17,16.80210235363486,16.80210235363486,2.1915785678654163,0.0,0,6.75,regular,0.0
s44-138-9,u009,2025-07-17,17.48348949932881,17.48348949932881,2.2804551520863665,0.0,0,7.25,variable,0.0
s44-138-29,u029,2025-07-17,17.724137464266672,17.724137464266672,2.3118440170782613,0.0,0,7.75,regular,0.0
s44-138-38,u038,2025-07-17,17.1834521559059,17.1834521559059,2.2413198464225084,0.0,0,7.75,regular,0.0
s44-138-51,u051,2025-07-17,13.913880303218523,13.913880303218523,1.81485395259372,0.0,0,8.0,regular,0.0
s44-138-59,u059,2025-07-17,17.064933778130303,17.064933778130303,2.225860927582213,0.0,0,7.75,new,0.0
s44-138-7,u007,2025-07-17,11.828430299493945,11.828430299493945,1.5428387347166015,0.0,0,10.25,variable,0.0
s44-138-6,u006,2025-07-17,21.001719301063677,21.001719301063677,2.739354691443088,0.0,0,10.25,variable,0.0
s44-138-10,u010,2025-07-17,21.65008823694099,21.65008823694099,2.8239245526444763,0.0,0,9.75,variable,0.0
s44-139-55,u055,2025-07-18,25.40010223989324,18.194001373508584,2.3731306139359014,0.28370361655736953,0,3.5,new,0.16331045445078007
s44-139-57,u057,2025-07-18,20.046470998742077,14.359214677186555,1.8729410448504205,0.2837036165573681,0,3.25,new,0.015587331992832243
s44-139-9,u009,2025-07-18,25.086785779573578,20.26240530063641,2.642922430517792,0.19230763643165982,0,4.75,variable,0.0
s44-139-13,u013,2025-07-18,26.608952500878484,26.608952500878484,3.4707329348971925,0.0,0,6.25,regular,0.0
s44-139-26,u026,2025-07-18,12.655549024444515,12.655549024444515,1.6507237857971104,0.0,0,5.0,regular,0.0
s44-139-47,u047,2025-07-18,26.68704469851511,26.68704469851511,3.4809188737193617,0.0,0,6.0,regular,0.0
s44-139-15,u015,2025-07-18,20.859606772096093,20.859606772096093,2.7208182746212297,0.0,0,6.5,regular,0.0
s44-139-14,u014,2025-07-18,16.01722386739221,16.01722386739221,2.089203113138114,0.0,0,7.25,variable,0.0
s44-139-19,u019,2025-07-18,11.303015439385081,11.303015439385081,1.4743063616589234,0.0,0,6.25,variable,0.0
s44-139-32,u032,2025-07-18,20.914807117372458,20.914807117372458,2.728018319657277,0.0,0,5.75,regular,0.0
s44-139-48,u048,2025-07-18,16.548530827335327,16.548530827335327,2.1585040209567814,0.0,0,7.0,regular,0.0
s44-139-5,u005,2025-07-18,7.4429450087205025,7.4429450087205025,0.9708189141809349,0.0,0,6.5,regular,0.0
s44-139-43,u043,2025-07-18,24.47110478824462,24.47110478824462,3.191883233249298,0.0,0,7.5,regular,0.0
s44-139-38,u038,2025-07-18,20.290702265503455,20.290702265503455,2.6466133389787116,0.0,0,7.25,regular,0.0
s44-139-6,u006,2025-07-18,17.243993800756506,17.243993800756506,2.24921658270737,0.0,0,6.5,variable,0.0
s44-139-8,u008,2025-07-18,12.475602986220704,12.475602986220704,1.6272525634200914,0.0,0,6.75,regular,0.0
s44-139-50,u050,2025-07-18,18.39281853545485,18.39281853545485,2.399063287233241,0.0,0,6.0,variable,0.0
s44-139-23,u023,2025-07-18,23.813608328255377,23.813608328255377,3.1061228254246136,0.0,0,7.75,variable,0.0
s44-139-46,u046,2025-07-18,20.342335028352572,20.342335028352572,2.6533480471764217,0.0,0,7.0,regular,0.0
s44-139-11,u011,2025-07-18,19.22336018161689,19.22336018161689,2.5073948062978553,0.0,0,8.5,variable,0.0
s44-139-49,u049,2025-07-18,12.550030091397925,12.550030091397925,1.6369604467040766,0.0,0,9.0,variable,0.0
s44-139-40,u040,2025-07-18,19.1146040149981,19.1146040149981,2.493209219347578,0.0,0,8.5,variable,0.0
