seed,policy,sessions,users,repeated_users,tail_users,tail,mean_shortfall,delivered,cost,cost_per_kwh,repeat_failure,new_shortfall,new_sessions,excess_kwh,fallbacks,decisions,max_violation,latency_p50,latency_p95
11,point,773,60,60,6,0.19280962372835986,0.0626796842418052,13874.050922342096,2049.3859161448354,0.1477135933561123,0.05,0.056085201618866876,79,0.0,2,1121,1.4210854715202004e-14,0.019906708010239527,0.0361533329996746
11,point_history,773,60,60,6,0.18715901643659497,0.06310615105835385,13859.233897567647,2044.7687531463785,0.1475383681564999,0.05,0.05549410218149158,79,0.0,2,1122,2.785738217880862e-08,0.012414395489031449,0.020654741700855083
11,stochastic,773,60,60,6,0.15495567053708845,0.03380309352335188,14160.31121846432,2146.2006547168967,0.15156451165553206,0.0,0.014101827214306568,79,0.0,0,1211,4.263256414560601e-14,0.008814708999125287,0.020892749991617166
11,history,773,60,60,6,0.13681556986819107,0.032260858548296543,14188.562787859832,2154.80799177845,0.15186936295071193,0.0,0.01425645980326047,79,0.0,0,1222,4.263256414560601e-14,0.00871437499881722,0.021054409805219627
11,pf_mpc,773,60,60,6,0.15225314670050114,0.033304603068512455,14173.749065325886,2150.582561311576,0.15172997288153478,0.0,0.013986750686924605,79,0.0,0,1205,2.842170943040401e-14,0.013017165998462588,0.04932780041708611
22,point,748,60,60,6,0.1673597790136682,0.07347068602936391,13286.897603026271,2106.8037811091103,0.15856250601564487,0.05,0.08638930975881705,71,0.0,5,1145,6.308303568403062e-08,0.020617166010197252,0.033806100004585456
22,point_history,748,60,60,6,0.16214395450331118,0.07335984280498131,13281.603888412756,2105.0824075170385,0.1584960992063294,0.05,0.08007769107004885,71,0.0,8,1155,1.1102230246251565e-16,0.01247725001303479,0.0205366500915261
22,stochastic,748,60,60,6,0.22436880283492,0.05609055074191244,13405.144459142182,2149.081854018131,0.1603176944917201,0.05,0.038650077285753,71,0.0,0,1221,1.1102230246251565e-16,0.008832583000184968,0.020100958994589746
22,history,748,60,60,6,0.1891317548083495,0.05349087508723082,13448.331768417047,2162.0201767949147,0.16076493456774663,0.0,0.04004445144055,71,0.0,0,1220,1.1102230246251565e-16,0.008756645998801105,0.020640892001392786
22,pf_mpc,748,60,60,6,0.22393629599255258,0.056026426440228566,13420.845287240889,2153.9195390843875,0.16049060196916992,0.016666666666666666,0.03681884387408842,71,0.0,0,1225,1.1102230246251565e-16,0.01276179199339822,0.051153883413644505
33,point,770,60,60,6,0.2569563770499779,0.07950841113543658,14142.27323782512,2255.3330032388303,0.15947457422945877,0.15,0.1130325554034601,86,0.0,2,1164,1.5063505998114124e-12,0.020648583507863805,0.03609581698401598
33,point_history,770,60,60,6,0.2489387510574829,0.07964003331565853,14137.943679482432,2254.1739882930565,0.15944143217690185,0.13333333333333333,0.11113192889278078,86,0.0,4,1179,8.480432711621688e-08,0.012354582984698936,0.02119447152072098
33,stochastic,770,60,60,6,0.2332467169072098,0.06101314228738448,14319.714891633266,2322.451632034736,0.16218560562205744,0.08333333333333333,0.09607066407507614,86,0.0,0,1264,1.1102230246251565e-16,0.008998041987069882,0.02144838756212266
33,history,770,60,60,6,0.1932520296998312,0.05623966377585199,14397.582786777626,2344.875276789206,0.1628658998886035,0.03333333333333333,0.08889141909731132,86,0.0,2,1270,1.4210854715202004e-14,0.008533979504136369,0.021737655949254985
33,pf_mpc,770,60,60,6,0.22970625192113658,0.06080374332841068,14340.624339634982,2329.0522187491506,0.16240940168218876,0.08333333333333333,0.09657874763435385,86,0.0,1,1259,1.4210854715202004e-14,0.012704042019322515,0.04920825448061805
44,point,744,60,60,6,0.20129232866779523,0.060718772014355514,13763.595048685616,2095.3239875143868,0.1522366779974745,0.05,0.04403512063366136,70,0.0,4,1177,1.4210854715202004e-14,0.01609449999523349,0.02800791640765965
44,point_history,744,60,60,6,0.19967817155827083,0.05998717758969579,13779.195474792996,2100.280435828562,0.15242402502168687,0.05,0.0450197482096247,70,0.0,3,1200,2.345390726077312e-08,0.010137229503015988,0.01859857885283418
44,stochastic,744,60,60,6,0.19723407218878444,0.04601774864578352,13901.48171531759,2161.4934686601646,0.1554865526513253,0.016666666666666666,0.020397675292655217,70,0.0,0,1307,1.4210854715202004e-14,0.007395333988824859,0.01874676679435652
44,history,744,60,60,6,0.17849997763900508,0.04500818900205765,13929.088719648924,2169.170484116134,0.15572953319309513,0.0,0.026464501498494483,70,0.0,0,1296,2.842170943040401e-14,0.006257187502342276,0.01564132275962038
44,pf_mpc,744,60,60,6,0.19891188947769833,0.04600965414853212,13914.587165035373,2164.587191984726,0.15556244438382683,0.0,0.020397675330418284,70,0.0,2,1309,1.4210854715202004e-14,0.008561459020711482,0.03892409959225915
55,point,740,60,60,6,0.1362451737161438,0.04569356360837406,13571.80562984118,1978.1592389846949,0.14575505227065677,0.016666666666666666,0.04106116433697359,77,0.0,4,1130,3.146507765450224e-08,0.0157386874925578,0.02724543939257273
55,point_history,740,60,60,6,0.13877146017443576,0.04585939197850293,13568.039138041157,1977.3959493082566,0.14573925747045988,0.03333333333333333,0.04218900019656248,77,0.0,6,1104,6.292941634455929e-08,0.011004874511854723,0.01978650884557282
55,stochastic,740,60,60,6,0.13575529345157356,0.032210052288093,13697.845831076702,2023.3051131763864,0.147709730283725,0.0,0.02182644199327242,77,0.0,1,1215,1.4210854715202004e-14,0.00792429197463207,0.019113216796540655
55,history,740,60,60,6,0.11588368619160665,0.0308110009937607,13725.627739066756,2030.9070597740517,0.14796460303185657,0.0,0.022757746342713513,77,0.0,0,1228,1.1102230246251565e-16,0.006557166503625922,0.015987821061571587
55,pf_mpc,740,60,60,6,0.1366267358262994,0.03281979377053923,13696.483007651363,2022.7743421975974,0.1476856752983668,0.0,0.021627676195494817,77,0.0,2,1184,1.4210854715202004e-14,0.010029270488303155,0.038681470489245834
